id,image_slot,category,mood,short_text,romantic_text,extended_text
R001,image_001,Love,Tender,The calm you bring to my heart.,"I still smile when I think of the calm you bring to my heart, makes forever sound wonderfully simple.","I still smile when I think of the calm you bring to my heart, makes forever sound wonderfully simple. Let this moment stay with us a little longer."
R002,image_002,Love,Deep,The stories hidden in your smile.,"With you, the stories hidden in your smile, is a treasure I would choose again and again.","With you, the stories hidden in your smile, is a treasure I would choose again and again. Let this moment stay with us a little longer."
R003,image_003,Together,Warm,The memories we keep collecting.,"I never knew peace could feel like the memories we keep collecting, is a treasure I would choose again and again.","I never knew peace could feel like the memories we keep collecting, is a treasure I would choose again and again. Let this moment stay with us a little longer."
R004,image_004,Memories,Nostalgic,A simple walk beside you.,"Some memories become brighter when a simple walk beside you, makes the heart a little lighter.","Some memories become brighter when a simple walk beside you, makes the heart a little lighter. Let this moment stay with us a little longer."
R005,image_005,Dreams,Hopeful,The kindness in your eyes.,"A beautiful life begins with the kindness in your eyes, feels like home.","A beautiful life begins with the kindness in your eyes, feels like home. Let this moment stay with us a little longer."
R006,image_006,Forever,Devoted,The way your smile finds me.,"Even ordinary days feel special when the way your smile finds me, is more beautiful than any perfect plan.","Even ordinary days feel special when the way your smile finds me, is more beautiful than any perfect plan. Let this moment stay with us a little longer."
R007,image_007,Smile,Playful,The beautiful uncertainty of tomorrow.,"My heart remembers the beautiful uncertainty of tomorrow, is a gentle reminder that love grows in moments.","My heart remembers the beautiful uncertainty of tomorrow, is a gentle reminder that love grows in moments. Let this moment stay with us a little longer."
R008,image_008,Distance,Longing,The comfort of being understood.,"My heart remembers the comfort of being understood, is a treasure I would choose again and again.","My heart remembers the comfort of being understood, is a treasure I would choose again and again. Let this moment stay with us a little longer."
R009,image_009,Gratitude,Thankful,The little things we never plan.,"Somewhere between the little things we never plan, is the kind of magic I want to remember forever.","Somewhere between the little things we never plan, is the kind of magic I want to remember forever. Let this moment stay with us a little longer."
R010,image_010,Moments,Peaceful,The kindness in your eyes.,"A beautiful life begins with the kindness in your eyes, is a treasure I would choose again and again.","A beautiful life begins with the kindness in your eyes, is a treasure I would choose again and again. Let this moment stay with us a little longer."
R011,image_011,Love,Tender,The way time slows down around you.,"The sweetest part of today was the way time slows down around you, is the kind of magic I want to remember forever.","The sweetest part of today was the way time slows down around you, is the kind of magic I want to remember forever. Let this moment stay with us a little longer."
R012,image_012,Love,Deep,The memories we keep collecting.,"My heart remembers the memories we keep collecting, is proof that the little things can mean everything.","My heart remembers the memories we keep collecting, is proof that the little things can mean everything. Let this moment stay with us a little longer."
R013,image_013,Together,Warm,The comfort of being understood.,"Some memories become brighter when the comfort of being understood, feels like home.","Some memories become brighter when the comfort of being understood, feels like home. Let this moment stay with us a little longer."
R014,image_014,Memories,Nostalgic,A moment shared without words.,"Every time I see you, a moment shared without words, is a quiet reason to be grateful.","Every time I see you, a moment shared without words, is a quiet reason to be grateful. Let this moment stay with us a little longer."
R015,image_015,Dreams,Hopeful,The calm you bring to my heart.,"In the story of my life, the calm you bring to my heart, is a quiet reason to be grateful.","In the story of my life, the calm you bring to my heart, is a quiet reason to be grateful. Let this moment stay with us a little longer."
R016,image_016,Forever,Devoted,The comfort of being understood.,"Under the same sky, the comfort of being understood, is proof that the little things can mean everything.","Under the same sky, the comfort of being understood, is proof that the little things can mean everything. Let this moment stay with us a little longer."
R017,image_017,Smile,Playful,The calm you bring to my heart.,"Among all the places in the world, the calm you bring to my heart, is proof that the little things can mean everything.","Among all the places in the world, the calm you bring to my heart, is proof that the little things can mean everything. Let this moment stay with us a little longer."
R018,image_018,Distance,Longing,The tiny adventures that become memories.,"If love had a language, the tiny adventures that become memories, is the sweetest chapter of my life.","If love had a language, the tiny adventures that become memories, is the sweetest chapter of my life. Let this moment stay with us a little longer."
R019,image_019,Gratitude,Thankful,The tiny adventures that become memories.,"Some memories become brighter when the tiny adventures that become memories, is the kind of happiness words can barely hold.","Some memories become brighter when the tiny adventures that become memories, is the kind of happiness words can barely hold. Let this moment stay with us a little longer."
R020,image_020,Moments,Peaceful,The warmth of your presence.,"In the quiet of the warmth of your presence, makes forever sound wonderfully simple.","In the quiet of the warmth of your presence, makes forever sound wonderfully simple. Let this moment stay with us a little longer."
R021,image_021,Love,Tender,The joy of having someone to come home to.,"I never knew peace could feel like the joy of having someone to come home to, turns an ordinary day into a beautiful one.","I never knew peace could feel like the joy of having someone to come home to, turns an ordinary day into a beautiful one. Let this moment stay with us a little longer."
R022,image_022,Love,Deep,Our laughter after a long day.,"The moon may light the night, but our laughter after a long day, becomes a memory worth keeping.","The moon may light the night, but our laughter after a long day, becomes a memory worth keeping. Let this moment stay with us a little longer."
R023,image_023,Together,Warm,The hope we carry together.,"With you, the hope we carry together, is a quiet reason to be grateful.","With you, the hope we carry together, is a quiet reason to be grateful. Let this moment stay with us a little longer."
R024,image_024,Memories,Nostalgic,The comfort of being understood.,"In every little moment, the comfort of being understood, is a quiet reason to be grateful.","In every little moment, the comfort of being understood, is a quiet reason to be grateful. Let this moment stay with us a little longer."
R025,image_025,Dreams,Hopeful,A moment shared without words.,"A beautiful life begins with a moment shared without words, is a quiet reason to be grateful.","A beautiful life begins with a moment shared without words, is a quiet reason to be grateful. Let this moment stay with us a little longer."
R026,image_026,Forever,Devoted,The comfort of being understood.,"Every time I see you, the comfort of being understood, makes every tomorrow feel worth waiting for.","Every time I see you, the comfort of being understood, makes every tomorrow feel worth waiting for. Let this moment stay with us a little longer."
R027,image_027,Smile,Playful,The memories we keep collecting.,"Some memories become brighter when the memories we keep collecting, is a beautiful secret written between two hearts.","Some memories become brighter when the memories we keep collecting, is a beautiful secret written between two hearts. Let this moment stay with us a little longer."
R028,image_028,Distance,Longing,The way time slows down around you.,"If love had a language, the way time slows down around you, is a place my heart knows without a map.","If love had a language, the way time slows down around you, is a place my heart knows without a map. Let this moment stay with us a little longer."
R029,image_029,Gratitude,Thankful,Our laughter after a long day.,"When two hearts understand each other, our laughter after a long day, makes forever sound wonderfully simple.","When two hearts understand each other, our laughter after a long day, makes forever sound wonderfully simple. Let this moment stay with us a little longer."
R030,image_030,Moments,Peaceful,The silence that never feels empty.,"In every little moment, the silence that never feels empty, is the sweetest chapter of my life.","In every little moment, the silence that never feels empty, is the sweetest chapter of my life. Let this moment stay with us a little longer."
R031,image_031,Love,Tender,The calm you bring to my heart.,"In the quiet of the calm you bring to my heart, is the sweetest chapter of my life.","In the quiet of the calm you bring to my heart, is the sweetest chapter of my life. Let this moment stay with us a little longer."
R032,image_032,Love,Deep,The stories hidden in your smile.,"I never knew peace could feel like the stories hidden in your smile, becomes a memory worth keeping.","I never knew peace could feel like the stories hidden in your smile, becomes a memory worth keeping. Let this moment stay with us a little longer."
R033,image_033,Together,Warm,The memories we keep collecting.,"With you, the memories we keep collecting, makes distance feel smaller and hope feel closer.","With you, the memories we keep collecting, makes distance feel smaller and hope feel closer. Let this moment stay with us a little longer."
R034,image_034,Memories,Nostalgic,The dreams we quietly share.,"My heart remembers the dreams we quietly share, makes forever sound wonderfully simple.","My heart remembers the dreams we quietly share, makes forever sound wonderfully simple. Let this moment stay with us a little longer."
R035,image_035,Dreams,Hopeful,The stories hidden in your smile.,"When the world gets loud, the stories hidden in your smile, is a gentle reminder that love grows in moments.","When the world gets loud, the stories hidden in your smile, is a gentle reminder that love grows in moments. Let this moment stay with us a little longer."
R036,image_036,Forever,Devoted,The joy of having someone to come home to.,"A beautiful life begins with the joy of having someone to come home to, turns an ordinary day into a beautiful one.","A beautiful life begins with the joy of having someone to come home to, turns an ordinary day into a beautiful one. Let this moment stay with us a little longer."
R037,image_037,Smile,Playful,The dreams we quietly share.,"The sweetest part of today was the dreams we quietly share, turns an ordinary day into a beautiful one.","The sweetest part of today was the dreams we quietly share, turns an ordinary day into a beautiful one. Let this moment stay with us a little longer."
R038,image_038,Distance,Longing,The hope we carry together.,"I still smile when I think of the hope we carry together, becomes a memory worth keeping.","I still smile when I think of the hope we carry together, becomes a memory worth keeping. Let this moment stay with us a little longer."
R039,image_039,Gratitude,Thankful,The stories hidden in your smile.,"With you, the stories hidden in your smile, is a love story I never want to finish.","With you, the stories hidden in your smile, is a love story I never want to finish. Let this moment stay with us a little longer."
R040,image_040,Moments,Peaceful,The way time slows down around you.,"I never knew peace could feel like the way time slows down around you, turns an ordinary day into a beautiful one.","I never knew peace could feel like the way time slows down around you, turns an ordinary day into a beautiful one. Let this moment stay with us a little longer."
R041,image_041,Love,Tender,The dreams we quietly share.,"Under the same sky, the dreams we quietly share, makes every tomorrow feel worth waiting for.","Under the same sky, the dreams we quietly share, makes every tomorrow feel worth waiting for. Let this moment stay with us a little longer."
R042,image_042,Love,Deep,The stories hidden in your smile.,"My heart remembers the stories hidden in your smile, is a gentle reminder that love grows in moments.","My heart remembers the stories hidden in your smile, is a gentle reminder that love grows in moments. Let this moment stay with us a little longer."
R043,image_043,Together,Warm,The memories we keep collecting.,"Somewhere between the memories we keep collecting, makes every tomorrow feel worth waiting for.","Somewhere between the memories we keep collecting, makes every tomorrow feel worth waiting for. Let this moment stay with us a little longer."
R044,image_044,Memories,Nostalgic,A moment shared without words.,"Under the same sky, a moment shared without words, is a beautiful secret written between two hearts.","Under the same sky, a moment shared without words, is a beautiful secret written between two hearts. Let this moment stay with us a little longer."
R045,image_045,Dreams,Hopeful,The little things we never plan.,"Every time I see you, the little things we never plan, is more beautiful than any perfect plan.","Every time I see you, the little things we never plan, is more beautiful than any perfect plan. Let this moment stay with us a little longer."
R046,image_046,Forever,Devoted,The beautiful uncertainty of tomorrow.,"In the quiet of the beautiful uncertainty of tomorrow, is proof that the little things can mean everything.","In the quiet of the beautiful uncertainty of tomorrow, is proof that the little things can mean everything. Let this moment stay with us a little longer."
R047,image_047,Smile,Playful,The hope we carry together.,"Among all the places in the world, the hope we carry together, is where my favorite memories begin.","Among all the places in the world, the hope we carry together, is where my favorite memories begin. Let this moment stay with us a little longer."
R048,image_048,Distance,Longing,The comfort of being understood.,"When the world gets loud, the comfort of being understood, is a beautiful secret written between two hearts.","When the world gets loud, the comfort of being understood, is a beautiful secret written between two hearts. Let this moment stay with us a little longer."
R049,image_049,Gratitude,Thankful,The little things we never plan.,"Under the same sky, the little things we never plan, turns an ordinary day into a beautiful one.","Under the same sky, the little things we never plan, turns an ordinary day into a beautiful one. Let this moment stay with us a little longer."
R050,image_050,Moments,Peaceful,A simple walk beside you.,"I still smile when I think of a simple walk beside you, makes the heart a little lighter.","I still smile when I think of a simple walk beside you, makes the heart a little lighter. Let this moment stay with us a little longer."
R051,image_051,Love,Tender,The little things we never plan.,"The moon may light the night, but the little things we never plan, is proof that the little things can mean everything.","The moon may light the night, but the little things we never plan, is proof that the little things can mean everything. Let this moment stay with us a little longer."
R052,image_052,Love,Deep,The hope we carry together.,"If love had a language, the hope we carry together, is the kind of happiness words can barely hold.","If love had a language, the hope we carry together, is the kind of happiness words can barely hold. Let this moment stay with us a little longer."
R053,image_053,Together,Warm,The feeling of being exactly where i belong.,"Every time I see you, the feeling of being exactly where I belong, is proof that the little things can mean everything.","Every time I see you, the feeling of being exactly where I belong, is proof that the little things can mean everything. Let this moment stay with us a little longer."
R054,image_054,Memories,Nostalgic,The way your smile finds me.,"Some memories become brighter when the way your smile finds me, is where my favorite memories begin.","Some memories become brighter when the way your smile finds me, is where my favorite memories begin. Let this moment stay with us a little longer."
R055,image_055,Dreams,Hopeful,Our laughter after a long day.,"Even ordinary days feel special when our laughter after a long day, feels like home.","Even ordinary days feel special when our laughter after a long day, feels like home. Let this moment stay with us a little longer."
R056,image_056,Forever,Devoted,The kindness in your eyes.,"The moon may light the night, but the kindness in your eyes, becomes a memory worth keeping.","The moon may light the night, but the kindness in your eyes, becomes a memory worth keeping. Let this moment stay with us a little longer."
R057,image_057,Smile,Playful,Our laughter after a long day.,"I never knew peace could feel like our laughter after a long day, makes forever sound wonderfully simple.","I never knew peace could feel like our laughter after a long day, makes forever sound wonderfully simple. Let this moment stay with us a little longer."
R058,image_058,Distance,Longing,A simple walk beside you.,"Among all the places in the world, a simple walk beside you, is proof that the little things can mean everything.","Among all the places in the world, a simple walk beside you, is proof that the little things can mean everything. Let this moment stay with us a little longer."
R059,image_059,Gratitude,Thankful,The comfort of being understood.,"I still smile when I think of the comfort of being understood, becomes a memory worth keeping.","I still smile when I think of the comfort of being understood, becomes a memory worth keeping. Let this moment stay with us a little longer."
R060,image_060,Moments,Peaceful,The tiny adventures that become memories.,"When two hearts understand each other, the tiny adventures that become memories, is the kind of magic I want to remember forever.","When two hearts understand each other, the tiny adventures that become memories, is the kind of magic I want to remember forever. Let this moment stay with us a little longer."
R061,image_061,Love,Tender,The little things we never plan.,"When the world gets loud, the little things we never plan, is a beautiful secret written between two hearts.","When the world gets loud, the little things we never plan, is a beautiful secret written between two hearts. Let this moment stay with us a little longer."
R062,image_062,Love,Deep,A simple walk beside you.,"I never knew peace could feel like a simple walk beside you, makes the heart a little lighter.","I never knew peace could feel like a simple walk beside you, makes the heart a little lighter. Let this moment stay with us a little longer."
R063,image_063,Together,Warm,The stories hidden in your smile.,"In every little moment, the stories hidden in your smile, is a beautiful secret written between two hearts.","In every little moment, the stories hidden in your smile, is a beautiful secret written between two hearts. Let this moment stay with us a little longer."
R064,image_064,Memories,Nostalgic,A moment shared without words.,"The moon may light the night, but a moment shared without words, is a beautiful secret written between two hearts.","The moon may light the night, but a moment shared without words, is a beautiful secret written between two hearts. Let this moment stay with us a little longer."
R065,image_065,Dreams,Hopeful,The way time slows down around you.,"Every time I see you, the way time slows down around you, is a love story I never want to finish.","Every time I see you, the way time slows down around you, is a love story I never want to finish. Let this moment stay with us a little longer."
R066,image_066,Forever,Devoted,The promises we make with our eyes.,"If love had a language, the promises we make with our eyes, turns an ordinary day into a beautiful one.","If love had a language, the promises we make with our eyes, turns an ordinary day into a beautiful one. Let this moment stay with us a little longer."
R067,image_067,Smile,Playful,A simple walk beside you.,"I still smile when I think of a simple walk beside you, makes forever sound wonderfully simple.","I still smile when I think of a simple walk beside you, makes forever sound wonderfully simple. Let this moment stay with us a little longer."
R068,image_068,Distance,Longing,The warmth of your presence.,"The sweetest part of today was the warmth of your presence, is a beautiful secret written between two hearts.","The sweetest part of today was the warmth of your presence, is a beautiful secret written between two hearts. Let this moment stay with us a little longer."
R069,image_069,Gratitude,Thankful,The memories we keep collecting.,"Even ordinary days feel special when the memories we keep collecting, becomes a memory worth keeping.","Even ordinary days feel special when the memories we keep collecting, becomes a memory worth keeping. Let this moment stay with us a little longer."
R070,image_070,Moments,Peaceful,The way time slows down around you.,"There is something beautiful about the way time slows down around you, becomes a memory worth keeping.","There is something beautiful about the way time slows down around you, becomes a memory worth keeping. Let this moment stay with us a little longer."
R071,image_071,Love,Tender,The tiny adventures that become memories.,"I still smile when I think of the tiny adventures that become memories, reminds me how precious life can be.","I still smile when I think of the tiny adventures that become memories, reminds me how precious life can be. Let this moment stay with us a little longer."
R072,image_072,Love,Deep,The promises we make with our eyes.,"When the world gets loud, the promises we make with our eyes, is more beautiful than any perfect plan.","When the world gets loud, the promises we make with our eyes, is more beautiful than any perfect plan. Let this moment stay with us a little longer."
R073,image_073,Together,Warm,The tiny adventures that become memories.,"Some memories become brighter when the tiny adventures that become memories, turns an ordinary day into a beautiful one.","Some memories become brighter when the tiny adventures that become memories, turns an ordinary day into a beautiful one. Let this moment stay with us a little longer."
R074,image_074,Memories,Nostalgic,A moment shared without words.,"I still smile when I think of a moment shared without words, is a gentle reminder that love grows in moments.","I still smile when I think of a moment shared without words, is a gentle reminder that love grows in moments. Let this moment stay with us a little longer."
R075,image_075,Dreams,Hopeful,The beautiful uncertainty of tomorrow.,"The sweetest part of today was the beautiful uncertainty of tomorrow, is the kind of magic I want to remember forever.","The sweetest part of today was the beautiful uncertainty of tomorrow, is the kind of magic I want to remember forever. Let this moment stay with us a little longer."
R076,image_076,Forever,Devoted,The joy of having someone to come home to.,"I never knew peace could feel like the joy of having someone to come home to, is the kind of magic I want to remember forever.","I never knew peace could feel like the joy of having someone to come home to, is the kind of magic I want to remember forever. Let this moment stay with us a little longer."
R077,image_077,Smile,Playful,The kindness in your eyes.,"When the world gets loud, the kindness in your eyes, is the kind of happiness words can barely hold.","When the world gets loud, the kindness in your eyes, is the kind of happiness words can barely hold. Let this moment stay with us a little longer."
R078,image_078,Distance,Longing,Our laughter after a long day.,"In the quiet of our laughter after a long day, is a place my heart knows without a map.","In the quiet of our laughter after a long day, is a place my heart knows without a map. Let this moment stay with us a little longer."
R079,image_079,Gratitude,Thankful,The comfort of being understood.,"I never knew peace could feel like the comfort of being understood, turns an ordinary day into a beautiful one.","I never knew peace could feel like the comfort of being understood, turns an ordinary day into a beautiful one. Let this moment stay with us a little longer."
R080,image_080,Moments,Peaceful,The hope we carry together.,"Even ordinary days feel special when the hope we carry together, is more beautiful than any perfect plan.","Even ordinary days feel special when the hope we carry together, is more beautiful than any perfect plan. Let this moment stay with us a little longer."
R081,image_081,Love,Tender,The feeling of being exactly where i belong.,"In the quiet of the feeling of being exactly where I belong, reminds me how precious life can be.","In the quiet of the feeling of being exactly where I belong, reminds me how precious life can be. Let this moment stay with us a little longer."
R082,image_082,Love,Deep,The stories hidden in your smile.,"Among all the places in the world, the stories hidden in your smile, is a quiet reason to be grateful.","Among all the places in the world, the stories hidden in your smile, is a quiet reason to be grateful. Let this moment stay with us a little longer."
R083,image_083,Together,Warm,The beautiful uncertainty of tomorrow.,"In the quiet of the beautiful uncertainty of tomorrow, makes every tomorrow feel worth waiting for.","In the quiet of the beautiful uncertainty of tomorrow, makes every tomorrow feel worth waiting for. Let this moment stay with us a little longer."
R084,image_084,Memories,Nostalgic,The silence that never feels empty.,"Every time I see you, the silence that never feels empty, is a love story I never want to finish.","Every time I see you, the silence that never feels empty, is a love story I never want to finish. Let this moment stay with us a little longer."
R085,image_085,Dreams,Hopeful,The way your smile finds me.,"Somewhere between the way your smile finds me, turns an ordinary day into a beautiful one.","Somewhere between the way your smile finds me, turns an ordinary day into a beautiful one. Let this moment stay with us a little longer."
R086,image_086,Forever,Devoted,The kindness in your eyes.,"If love had a language, the kindness in your eyes, is a treasure I would choose again and again.","If love had a language, the kindness in your eyes, is a treasure I would choose again and again. Let this moment stay with us a little longer."
R087,image_087,Smile,Playful,A moment shared without words.,"I still smile when I think of a moment shared without words, is the kind of magic I want to remember forever.","I still smile when I think of a moment shared without words, is the kind of magic I want to remember forever. Let this moment stay with us a little longer."
R088,image_088,Distance,Longing,The promises we make with our eyes.,"Every time I see you, the promises we make with our eyes, is a place my heart knows without a map.","Every time I see you, the promises we make with our eyes, is a place my heart knows without a map. Let this moment stay with us a little longer."
R089,image_089,Gratitude,Thankful,A simple walk beside you.,"The moon may light the night, but a simple walk beside you, is a gentle reminder that love grows in moments.","The moon may light the night, but a simple walk beside you, is a gentle reminder that love grows in moments. Let this moment stay with us a little longer."
R090,image_090,Moments,Peaceful,The dreams we quietly share.,"In every little moment, the dreams we quietly share, makes the heart a little lighter.","In every little moment, the dreams we quietly share, makes the heart a little lighter. Let this moment stay with us a little longer."
R091,image_091,Love,Tender,The feeling of being exactly where i belong.,"With you, the feeling of being exactly where I belong, is a quiet reason to be grateful.","With you, the feeling of being exactly where I belong, is a quiet reason to be grateful. Let this moment stay with us a little longer."
R092,image_092,Love,Deep,The promises we make with our eyes.,"In every little moment, the promises we make with our eyes, turns an ordinary day into a beautiful one.","In every little moment, the promises we make with our eyes, turns an ordinary day into a beautiful one. Let this moment stay with us a little longer."
R093,image_093,Together,Warm,The way time slows down around you.,"In the quiet of the way time slows down around you, is a treasure I would choose again and again.","In the quiet of the way time slows down around you, is a treasure I would choose again and again. Let this moment stay with us a little longer."
R094,image_094,Memories,Nostalgic,The warmth of your presence.,"I still smile when I think of the warmth of your presence, is a love story I never want to finish.","I still smile when I think of the warmth of your presence, is a love story I never want to finish. Let this moment stay with us a little longer."
R095,image_095,Dreams,Hopeful,The hope we carry together.,"With you, the hope we carry together, becomes a memory worth keeping.","With you, the hope we carry together, becomes a memory worth keeping. Let this moment stay with us a little longer."
R096,image_096,Forever,Devoted,The warmth of your presence.,"The sweetest part of today was the warmth of your presence, turns an ordinary day into a beautiful one.","The sweetest part of today was the warmth of your presence, turns an ordinary day into a beautiful one. Let this moment stay with us a little longer."
R097,image_097,Smile,Playful,Our laughter after a long day.,"A beautiful life begins with our laughter after a long day, is a gentle reminder that love grows in moments.","A beautiful life begins with our laughter after a long day, is a gentle reminder that love grows in moments. Let this moment stay with us a little longer."
R098,image_098,Distance,Longing,The warmth of your presence.,"Among all the places in the world, the warmth of your presence, reminds me how precious life can be.","Among all the places in the world, the warmth of your presence, reminds me how precious life can be. Let this moment stay with us a little longer."
R099,image_099,Gratitude,Thankful,The little things we never plan.,"In the story of my life, the little things we never plan, is a place my heart knows without a map.","In the story of my life, the little things we never plan, is a place my heart knows without a map. Let this moment stay with us a little longer."
R100,image_100,Moments,Peaceful,A simple walk beside you.,"A beautiful life begins with a simple walk beside you, feels like home.","A beautiful life begins with a simple walk beside you, feels like home. Let this moment stay with us a little longer."
R101,image_101,Love,Tender,The kindness in your eyes.,"In the quiet of the kindness in your eyes, becomes a memory worth keeping.","In the quiet of the kindness in your eyes, becomes a memory worth keeping. Let this moment stay with us a little longer."
R102,image_102,Love,Deep,The tiny adventures that become memories.,"With you, the tiny adventures that become memories, becomes a memory worth keeping.","With you, the tiny adventures that become memories, becomes a memory worth keeping. Let this moment stay with us a little longer."
R103,image_103,Together,Warm,A moment shared without words.,"In the quiet of a moment shared without words, is proof that the little things can mean everything.","In the quiet of a moment shared without words, is proof that the little things can mean everything. Let this moment stay with us a little longer."
R104,image_104,Memories,Nostalgic,The calm you bring to my heart.,"When two hearts understand each other, the calm you bring to my heart, is proof that the little things can mean everything.","When two hearts understand each other, the calm you bring to my heart, is proof that the little things can mean everything. Let this moment stay with us a little longer."
R105,image_105,Dreams,Hopeful,The beautiful uncertainty of tomorrow.,"In the story of my life, the beautiful uncertainty of tomorrow, is the kind of happiness words can barely hold.","In the story of my life, the beautiful uncertainty of tomorrow, is the kind of happiness words can barely hold. Let this moment stay with us a little longer."
R106,image_106,Forever,Devoted,The hope we carry together.,"Among all the places in the world, the hope we carry together, is a quiet reason to be grateful.","Among all the places in the world, the hope we carry together, is a quiet reason to be grateful. Let this moment stay with us a little longer."
R107,image_107,Smile,Playful,The kindness in your eyes.,"My heart remembers the kindness in your eyes, turns an ordinary day into a beautiful one.","My heart remembers the kindness in your eyes, turns an ordinary day into a beautiful one. Let this moment stay with us a little longer."
R108,image_108,Distance,Longing,A moment shared without words.,"My heart remembers a moment shared without words, reminds me how precious life can be.","My heart remembers a moment shared without words, reminds me how precious life can be. Let this moment stay with us a little longer."
R109,image_109,Gratitude,Thankful,The comfort of being understood.,"The moon may light the night, but the comfort of being understood, turns an ordinary day into a beautiful one.","The moon may light the night, but the comfort of being understood, turns an ordinary day into a beautiful one. Let this moment stay with us a little longer."
R110,image_110,Moments,Peaceful,The promises we make with our eyes.,"The moon may light the night, but the promises we make with our eyes, turns an ordinary day into a beautiful one.","The moon may light the night, but the promises we make with our eyes, turns an ordinary day into a beautiful one. Let this moment stay with us a little longer."
R111,image_111,Love,Tender,The stories hidden in your smile.,"In every little moment, the stories hidden in your smile, makes forever sound wonderfully simple.","In every little moment, the stories hidden in your smile, makes forever sound wonderfully simple. Let this moment stay with us a little longer."
R112,image_112,Love,Deep,The promises we make with our eyes.,"Among all the places in the world, the promises we make with our eyes, is a gentle reminder that love grows in moments.","Among all the places in the world, the promises we make with our eyes, is a gentle reminder that love grows in moments. Let this moment stay with us a little longer."
R113,image_113,Together,Warm,The little things we never plan.,"With you, the little things we never plan, becomes a memory worth keeping.","With you, the little things we never plan, becomes a memory worth keeping. Let this moment stay with us a little longer."
R114,image_114,Memories,Nostalgic,Our laughter after a long day.,"There is something beautiful about our laughter after a long day, is where my favorite memories begin.","There is something beautiful about our laughter after a long day, is where my favorite memories begin. Let this moment stay with us a little longer."
R115,image_115,Dreams,Hopeful,The calm you bring to my heart.,"In every little moment, the calm you bring to my heart, is where my favorite memories begin.","In every little moment, the calm you bring to my heart, is where my favorite memories begin. Let this moment stay with us a little longer."
R116,image_116,Forever,Devoted,The way your smile finds me.,"The moon may light the night, but the way your smile finds me, is the sweetest chapter of my life.","The moon may light the night, but the way your smile finds me, is the sweetest chapter of my life. Let this moment stay with us a little longer."
R117,image_117,Smile,Playful,The warmth of your presence.,"In the quiet of the warmth of your presence, makes distance feel smaller and hope feel closer.","In the quiet of the warmth of your presence, makes distance feel smaller and hope feel closer. Let this moment stay with us a little longer."
R118,image_118,Distance,Longing,The calm you bring to my heart.,"The sweetest part of today was the calm you bring to my heart, reminds me how precious life can be.","The sweetest part of today was the calm you bring to my heart, reminds me how precious life can be. Let this moment stay with us a little longer."
R119,image_119,Gratitude,Thankful,The way your smile finds me.,"Among all the places in the world, the way your smile finds me, is a quiet reason to be grateful.","Among all the places in the world, the way your smile finds me, is a quiet reason to be grateful. Let this moment stay with us a little longer."
R120,image_120,Moments,Peaceful,A moment shared without words.,"The moon may light the night, but a moment shared without words, reminds me how precious life can be.","The moon may light the night, but a moment shared without words, reminds me how precious life can be. Let this moment stay with us a little longer."
R121,image_121,Love,Tender,The joy of having someone to come home to.,"I still smile when I think of the joy of having someone to come home to, is a treasure I would choose again and again.","I still smile when I think of the joy of having someone to come home to, is a treasure I would choose again and again. Let this moment stay with us a little longer."
R122,image_122,Love,Deep,The silence that never feels empty.,"If love had a language, the silence that never feels empty, makes every tomorrow feel worth waiting for.","If love had a language, the silence that never feels empty, makes every tomorrow feel worth waiting for. Let this moment stay with us a little longer."
R123,image_123,Together,Warm,The promises we make with our eyes.,"Somewhere between the promises we make with our eyes, reminds me how precious life can be.","Somewhere between the promises we make with our eyes, reminds me how precious life can be. Let this moment stay with us a little longer."
R124,image_124,Memories,Nostalgic,The silence that never feels empty.,"Every time I see you, the silence that never feels empty, is the kind of happiness words can barely hold.","Every time I see you, the silence that never feels empty, is the kind of happiness words can barely hold. Let this moment stay with us a little longer."
R125,image_125,Dreams,Hopeful,The memories we keep collecting.,"In every little moment, the memories we keep collecting, is where my favorite memories begin.","In every little moment, the memories we keep collecting, is where my favorite memories begin. Let this moment stay with us a little longer."
R126,image_126,Forever,Devoted,The feeling of being exactly where i belong.,"In the story of my life, the feeling of being exactly where I belong, feels like home.","In the story of my life, the feeling of being exactly where I belong, feels like home. Let this moment stay with us a little longer."
R127,image_127,Smile,Playful,The joy of having someone to come home to.,"Somewhere between the joy of having someone to come home to, is the sweetest chapter of my life.","Somewhere between the joy of having someone to come home to, is the sweetest chapter of my life. Let this moment stay with us a little longer."
R128,image_128,Distance,Longing,The little things we never plan.,"In every little moment, the little things we never plan, feels like home.","In every little moment, the little things we never plan, feels like home. Let this moment stay with us a little longer."
R129,image_129,Gratitude,Thankful,The promises we make with our eyes.,"Even ordinary days feel special when the promises we make with our eyes, is a love story I never want to finish.","Even ordinary days feel special when the promises we make with our eyes, is a love story I never want to finish. Let this moment stay with us a little longer."
R130,image_130,Moments,Peaceful,The dreams we quietly share.,"I still smile when I think of the dreams we quietly share, is a beautiful secret written between two hearts.","I still smile when I think of the dreams we quietly share, is a beautiful secret written between two hearts. Let this moment stay with us a little longer."
R131,image_131,Love,Tender,The silence that never feels empty.,"In the story of my life, the silence that never feels empty, makes forever sound wonderfully simple.","In the story of my life, the silence that never feels empty, makes forever sound wonderfully simple. Let this moment stay with us a little longer."
R132,image_132,Love,Deep,The joy of having someone to come home to.,"Among all the places in the world, the joy of having someone to come home to, reminds me how precious life can be.","Among all the places in the world, the joy of having someone to come home to, reminds me how precious life can be. Let this moment stay with us a little longer."
R133,image_133,Together,Warm,The memories we keep collecting.,"My heart remembers the memories we keep collecting, is a place my heart knows without a map.","My heart remembers the memories we keep collecting, is a place my heart knows without a map. Let this moment stay with us a little longer."
R134,image_134,Memories,Nostalgic,The kindness in your eyes.,"Under the same sky, the kindness in your eyes, makes forever sound wonderfully simple.","Under the same sky, the kindness in your eyes, makes forever sound wonderfully simple. Let this moment stay with us a little longer."
R135,image_135,Dreams,Hopeful,The beautiful uncertainty of tomorrow.,"A beautiful life begins with the beautiful uncertainty of tomorrow, is a quiet reason to be grateful.","A beautiful life begins with the beautiful uncertainty of tomorrow, is a quiet reason to be grateful. Let this moment stay with us a little longer."
R136,image_136,Forever,Devoted,The warmth of your presence.,"In the quiet of the warmth of your presence, is a gentle reminder that love grows in moments.","In the quiet of the warmth of your presence, is a gentle reminder that love grows in moments. Let this moment stay with us a little longer."
R137,image_137,Smile,Playful,The beautiful uncertainty of tomorrow.,"My heart remembers the beautiful uncertainty of tomorrow, is a love story I never want to finish.","My heart remembers the beautiful uncertainty of tomorrow, is a love story I never want to finish. Let this moment stay with us a little longer."
R138,image_138,Distance,Longing,The hope we carry together.,"Somewhere between the hope we carry together, makes distance feel smaller and hope feel closer.","Somewhere between the hope we carry together, makes distance feel smaller and hope feel closer. Let this moment stay with us a little longer."
R139,image_139,Gratitude,Thankful,The warmth of your presence.,"Somewhere between the warmth of your presence, is a love story I never want to finish.","Somewhere between the warmth of your presence, is a love story I never want to finish. Let this moment stay with us a little longer."
R140,image_140,Moments,Peaceful,The stories hidden in your smile.,"The sweetest part of today was the stories hidden in your smile, is a quiet reason to be grateful.","The sweetest part of today was the stories hidden in your smile, is a quiet reason to be grateful. Let this moment stay with us a little longer."
R141,image_141,Love,Tender,A simple walk beside you.,"When the world gets loud, a simple walk beside you, makes the heart a little lighter.","When the world gets loud, a simple walk beside you, makes the heart a little lighter. Let this moment stay with us a little longer."
R142,image_142,Love,Deep,The calm you bring to my heart.,"When the world gets loud, the calm you bring to my heart, is the kind of happiness words can barely hold.","When the world gets loud, the calm you bring to my heart, is the kind of happiness words can barely hold. Let this moment stay with us a little longer."
R143,image_143,Together,Warm,The way your smile finds me.,"In the quiet of the way your smile finds me, is a beautiful secret written between two hearts.","In the quiet of the way your smile finds me, is a beautiful secret written between two hearts. Let this moment stay with us a little longer."
R144,image_144,Memories,Nostalgic,The way time slows down around you.,"My heart remembers the way time slows down around you, makes every tomorrow feel worth waiting for.","My heart remembers the way time slows down around you, makes every tomorrow feel worth waiting for. Let this moment stay with us a little longer."
R145,image_145,Dreams,Hopeful,The hope we carry together.,"With you, the hope we carry together, is the sweetest chapter of my life.","With you, the hope we carry together, is the sweetest chapter of my life. Let this moment stay with us a little longer."
R146,image_146,Forever,Devoted,The warmth of your presence.,"With you, the warmth of your presence, makes forever sound wonderfully simple.","With you, the warmth of your presence, makes forever sound wonderfully simple. Let this moment stay with us a little longer."
R147,image_147,Smile,Playful,The stories hidden in your smile.,"Even ordinary days feel special when the stories hidden in your smile, is a beautiful secret written between two hearts.","Even ordinary days feel special when the stories hidden in your smile, is a beautiful secret written between two hearts. Let this moment stay with us a little longer."
R148,image_148,Distance,Longing,The dreams we quietly share.,"Every time I see you, the dreams we quietly share, is a beautiful secret written between two hearts.","Every time I see you, the dreams we quietly share, is a beautiful secret written between two hearts. Let this moment stay with us a little longer."
R149,image_149,Gratitude,Thankful,The memories we keep collecting.,"My heart remembers the memories we keep collecting, is a love story I never want to finish.","My heart remembers the memories we keep collecting, is a love story I never want to finish. Let this moment stay with us a little longer."
R150,image_150,Moments,Peaceful,The memories we keep collecting.,"Among all the places in the world, the memories we keep collecting, makes every tomorrow feel worth waiting for.","Among all the places in the world, the memories we keep collecting, makes every tomorrow feel worth waiting for. Let this moment stay with us a little longer."
R151,image_151,Love,Tender,The way your smile finds me.,"My heart remembers the way your smile finds me, is the kind of happiness words can barely hold.","My heart remembers the way your smile finds me, is the kind of happiness words can barely hold. Let this moment stay with us a little longer."
R152,image_152,Love,Deep,The feeling of being exactly where i belong.,"Some memories become brighter when the feeling of being exactly where I belong, is a place my heart knows without a map.","Some memories become brighter when the feeling of being exactly where I belong, is a place my heart knows without a map. Let this moment stay with us a little longer."
R153,image_153,Together,Warm,The silence that never feels empty.,"In the quiet of the silence that never feels empty, feels like home.","In the quiet of the silence that never feels empty, feels like home. Let this moment stay with us a little longer."
R154,image_154,Memories,Nostalgic,A moment shared without words.,"My heart remembers a moment shared without words, makes forever sound wonderfully simple.","My heart remembers a moment shared without words, makes forever sound wonderfully simple. Let this moment stay with us a little longer."
R155,image_155,Dreams,Hopeful,The dreams we quietly share.,"Even ordinary days feel special when the dreams we quietly share, is the sweetest chapter of my life.","Even ordinary days feel special when the dreams we quietly share, is the sweetest chapter of my life. Let this moment stay with us a little longer."
R156,image_156,Forever,Devoted,The silence that never feels empty.,"Among all the places in the world, the silence that never feels empty, is proof that the little things can mean everything.","Among all the places in the world, the silence that never feels empty, is proof that the little things can mean everything. Let this moment stay with us a little longer."
R157,image_157,Smile,Playful,The comfort of being understood.,"The sweetest part of today was the comfort of being understood, becomes a memory worth keeping.","The sweetest part of today was the comfort of being understood, becomes a memory worth keeping. Let this moment stay with us a little longer."
R158,image_158,Distance,Longing,A moment shared without words.,"With you, a moment shared without words, is a treasure I would choose again and again.","With you, a moment shared without words, is a treasure I would choose again and again. Let this moment stay with us a little longer."
R159,image_159,Gratitude,Thankful,A simple walk beside you.,"Even ordinary days feel special when a simple walk beside you, makes every tomorrow feel worth waiting for.","Even ordinary days feel special when a simple walk beside you, makes every tomorrow feel worth waiting for. Let this moment stay with us a little longer."
R160,image_160,Moments,Peaceful,The dreams we quietly share.,"When two hearts understand each other, the dreams we quietly share, is where my favorite memories begin.","When two hearts understand each other, the dreams we quietly share, is where my favorite memories begin. Let this moment stay with us a little longer."
R161,image_161,Love,Tender,The way your smile finds me.,"There is something beautiful about the way your smile finds me, turns an ordinary day into a beautiful one.","There is something beautiful about the way your smile finds me, turns an ordinary day into a beautiful one. Let this moment stay with us a little longer."
R162,image_162,Love,Deep,The warmth of your presence.,"When the world gets loud, the warmth of your presence, is the kind of magic I want to remember forever.","When the world gets loud, the warmth of your presence, is the kind of magic I want to remember forever. Let this moment stay with us a little longer."
R163,image_163,Together,Warm,The dreams we quietly share.,"The sweetest part of today was the dreams we quietly share, reminds me how precious life can be.","The sweetest part of today was the dreams we quietly share, reminds me how precious life can be. Let this moment stay with us a little longer."
R164,image_164,Memories,Nostalgic,The way time slows down around you.,"Even ordinary days feel special when the way time slows down around you, is a love story I never want to finish.","Even ordinary days feel special when the way time slows down around you, is a love story I never want to finish. Let this moment stay with us a little longer."
R165,image_165,Dreams,Hopeful,A simple walk beside you.,"With you, a simple walk beside you, is a quiet reason to be grateful.","With you, a simple walk beside you, is a quiet reason to be grateful. Let this moment stay with us a little longer."
R166,image_166,Forever,Devoted,A simple walk beside you.,"If love had a language, a simple walk beside you, is a place my heart knows without a map.","If love had a language, a simple walk beside you, is a place my heart knows without a map. Let this moment stay with us a little longer."
R167,image_167,Smile,Playful,A simple walk beside you.,"Somewhere between a simple walk beside you, is the kind of happiness words can barely hold.","Somewhere between a simple walk beside you, is the kind of happiness words can barely hold. Let this moment stay with us a little longer."
R168,image_168,Distance,Longing,The stories hidden in your smile.,"Even ordinary days feel special when the stories hidden in your smile, is proof that the little things can mean everything.","Even ordinary days feel special when the stories hidden in your smile, is proof that the little things can mean everything. Let this moment stay with us a little longer."
R169,image_169,Gratitude,Thankful,The way time slows down around you.,"When the world gets loud, the way time slows down around you, reminds me how precious life can be.","When the world gets loud, the way time slows down around you, reminds me how precious life can be. Let this moment stay with us a little longer."
R170,image_170,Moments,Peaceful,The kindness in your eyes.,"Somewhere between the kindness in your eyes, is the kind of happiness words can barely hold.","Somewhere between the kindness in your eyes, is the kind of happiness words can barely hold. Let this moment stay with us a little longer."
R171,image_171,Love,Tender,The dreams we quietly share.,"In every little moment, the dreams we quietly share, becomes a memory worth keeping.","In every little moment, the dreams we quietly share, becomes a memory worth keeping. Let this moment stay with us a little longer."
R172,image_172,Love,Deep,The calm you bring to my heart.,"Among all the places in the world, the calm you bring to my heart, is a gentle reminder that love grows in moments.","Among all the places in the world, the calm you bring to my heart, is a gentle reminder that love grows in moments. Let this moment stay with us a little longer."
R173,image_173,Together,Warm,The stories hidden in your smile.,"I still smile when I think of the stories hidden in your smile, is where my favorite memories begin.","I still smile when I think of the stories hidden in your smile, is where my favorite memories begin. Let this moment stay with us a little longer."
R174,image_174,Memories,Nostalgic,The warmth of your presence.,"In the quiet of the warmth of your presence, feels like home.","In the quiet of the warmth of your presence, feels like home. Let this moment stay with us a little longer."
R175,image_175,Dreams,Hopeful,The stories hidden in your smile.,"I still smile when I think of the stories hidden in your smile, is the kind of happiness words can barely hold.","I still smile when I think of the stories hidden in your smile, is the kind of happiness words can barely hold. Let this moment stay with us a little longer."
R176,image_176,Forever,Devoted,The beautiful uncertainty of tomorrow.,"Some memories become brighter when the beautiful uncertainty of tomorrow, is a beautiful secret written between two hearts.","Some memories become brighter when the beautiful uncertainty of tomorrow, is a beautiful secret written between two hearts. Let this moment stay with us a little longer."
R177,image_177,Smile,Playful,The beautiful uncertainty of tomorrow.,"Even ordinary days feel special when the beautiful uncertainty of tomorrow, becomes a memory worth keeping.","Even ordinary days feel special when the beautiful uncertainty of tomorrow, becomes a memory worth keeping. Let this moment stay with us a little longer."
R178,image_178,Distance,Longing,The feeling of being exactly where i belong.,"I still smile when I think of the feeling of being exactly where I belong, is proof that the little things can mean everything.","I still smile when I think of the feeling of being exactly where I belong, is proof that the little things can mean everything. Let this moment stay with us a little longer."
R179,image_179,Gratitude,Thankful,The joy of having someone to come home to.,"My heart remembers the joy of having someone to come home to, is a love story I never want to finish.","My heart remembers the joy of having someone to come home to, is a love story I never want to finish. Let this moment stay with us a little longer."
R180,image_180,Moments,Peaceful,The warmth of your presence.,"A beautiful life begins with the warmth of your presence, makes distance feel smaller and hope feel closer.","A beautiful life begins with the warmth of your presence, makes distance feel smaller and hope feel closer. Let this moment stay with us a little longer."
R181,image_181,Love,Tender,The hope we carry together.,"Among all the places in the world, the hope we carry together, becomes a memory worth keeping.","Among all the places in the world, the hope we carry together, becomes a memory worth keeping. Let this moment stay with us a little longer."
R182,image_182,Love,Deep,The joy of having someone to come home to.,"Among all the places in the world, the joy of having someone to come home to, makes forever sound wonderfully simple.","Among all the places in the world, the joy of having someone to come home to, makes forever sound wonderfully simple. Let this moment stay with us a little longer."
R183,image_183,Together,Warm,A simple walk beside you.,"In the story of my life, a simple walk beside you, makes forever sound wonderfully simple.","In the story of my life, a simple walk beside you, makes forever sound wonderfully simple. Let this moment stay with us a little longer."
R184,image_184,Memories,Nostalgic,The feeling of being exactly where i belong.,"In the story of my life, the feeling of being exactly where I belong, reminds me how precious life can be.","In the story of my life, the feeling of being exactly where I belong, reminds me how precious life can be. Let this moment stay with us a little longer."
R185,image_185,Dreams,Hopeful,The comfort of being understood.,"Among all the places in the world, the comfort of being understood, is a gentle reminder that love grows in moments.","Among all the places in the world, the comfort of being understood, is a gentle reminder that love grows in moments. Let this moment stay with us a little longer."
R186,image_186,Forever,Devoted,The calm you bring to my heart.,"The sweetest part of today was the calm you bring to my heart, is a beautiful secret written between two hearts.","The sweetest part of today was the calm you bring to my heart, is a beautiful secret written between two hearts. Let this moment stay with us a little longer."
R187,image_187,Smile,Playful,The memories we keep collecting.,"The moon may light the night, but the memories we keep collecting, is a place my heart knows without a map.","The moon may light the night, but the memories we keep collecting, is a place my heart knows without a map. Let this moment stay with us a little longer."
R188,image_188,Distance,Longing,A simple walk beside you.,"If love had a language, a simple walk beside you, makes every tomorrow feel worth waiting for.","If love had a language, a simple walk beside you, makes every tomorrow feel worth waiting for. Let this moment stay with us a little longer."
R189,image_189,Gratitude,Thankful,Our laughter after a long day.,"Under the same sky, our laughter after a long day, makes the heart a little lighter.","Under the same sky, our laughter after a long day, makes the heart a little lighter. Let this moment stay with us a little longer."
R190,image_190,Moments,Peaceful,A moment shared without words.,"I never knew peace could feel like a moment shared without words, is a love story I never want to finish.","I never knew peace could feel like a moment shared without words, is a love story I never want to finish. Let this moment stay with us a little longer."
R191,image_191,Love,Tender,The stories hidden in your smile.,"In the quiet of the stories hidden in your smile, reminds me how precious life can be.","In the quiet of the stories hidden in your smile, reminds me how precious life can be. Let this moment stay with us a little longer."
R192,image_192,Love,Deep,The hope we carry together.,"If love had a language, the hope we carry together, is a beautiful secret written between two hearts.","If love had a language, the hope we carry together, is a beautiful secret written between two hearts. Let this moment stay with us a little longer."
R193,image_193,Together,Warm,Our laughter after a long day.,"In the story of my life, our laughter after a long day, makes forever sound wonderfully simple.","In the story of my life, our laughter after a long day, makes forever sound wonderfully simple. Let this moment stay with us a little longer."
R194,image_194,Memories,Nostalgic,The tiny adventures that become memories.,"Some memories become brighter when the tiny adventures that become memories, is the sweetest chapter of my life.","Some memories become brighter when the tiny adventures that become memories, is the sweetest chapter of my life. Let this moment stay with us a little longer."
R195,image_195,Dreams,Hopeful,The kindness in your eyes.,"In the quiet of the kindness in your eyes, makes every tomorrow feel worth waiting for.","In the quiet of the kindness in your eyes, makes every tomorrow feel worth waiting for. Let this moment stay with us a little longer."
R196,image_196,Forever,Devoted,The comfort of being understood.,"Every time I see you, the comfort of being understood, is a treasure I would choose again and again.","Every time I see you, the comfort of being understood, is a treasure I would choose again and again. Let this moment stay with us a little longer."
R197,image_197,Smile,Playful,Our laughter after a long day.,"My heart remembers our laughter after a long day, makes every tomorrow feel worth waiting for.","My heart remembers our laughter after a long day, makes every tomorrow feel worth waiting for. Let this moment stay with us a little longer."
R198,image_198,Distance,Longing,The joy of having someone to come home to.,"With you, the joy of having someone to come home to, becomes a memory worth keeping.","With you, the joy of having someone to come home to, becomes a memory worth keeping. Let this moment stay with us a little longer."
R199,image_199,Gratitude,Thankful,The hope we carry together.,"Under the same sky, the hope we carry together, makes forever sound wonderfully simple.","Under the same sky, the hope we carry together, makes forever sound wonderfully simple. Let this moment stay with us a little longer."
R200,image_200,Moments,Peaceful,The way your smile finds me.,"Even ordinary days feel special when the way your smile finds me, is a beautiful secret written between two hearts.","Even ordinary days feel special when the way your smile finds me, is a beautiful secret written between two hearts. Let this moment stay with us a little longer."
R201,image_201,Love,Tender,Our laughter after a long day.,"Among all the places in the world, our laughter after a long day, makes the heart a little lighter.","Among all the places in the world, our laughter after a long day, makes the heart a little lighter. Let this moment stay with us a little longer."
R202,image_202,Love,Deep,The beautiful uncertainty of tomorrow.,"Even ordinary days feel special when the beautiful uncertainty of tomorrow, is a quiet reason to be grateful.","Even ordinary days feel special when the beautiful uncertainty of tomorrow, is a quiet reason to be grateful. Let this moment stay with us a little longer."
R203,image_203,Together,Warm,The calm you bring to my heart.,"Some memories become brighter when the calm you bring to my heart, makes the heart a little lighter.","Some memories become brighter when the calm you bring to my heart, makes the heart a little lighter. Let this moment stay with us a little longer."
R204,image_204,Memories,Nostalgic,The comfort of being understood.,"Every time I see you, the comfort of being understood, turns an ordinary day into a beautiful one.","Every time I see you, the comfort of being understood, turns an ordinary day into a beautiful one. Let this moment stay with us a little longer."
R205,image_205,Dreams,Hopeful,The comfort of being understood.,"Among all the places in the world, the comfort of being understood, turns an ordinary day into a beautiful one.","Among all the places in the world, the comfort of being understood, turns an ordinary day into a beautiful one. Let this moment stay with us a little longer."
R206,image_206,Forever,Devoted,The calm you bring to my heart.,"A beautiful life begins with the calm you bring to my heart, is the kind of happiness words can barely hold.","A beautiful life begins with the calm you bring to my heart, is the kind of happiness words can barely hold. Let this moment stay with us a little longer."
R207,image_207,Smile,Playful,The tiny adventures that become memories.,"With you, the tiny adventures that become memories, makes every tomorrow feel worth waiting for.","With you, the tiny adventures that become memories, makes every tomorrow feel worth waiting for. Let this moment stay with us a little longer."
R208,image_208,Distance,Longing,A moment shared without words.,"A beautiful life begins with a moment shared without words, reminds me how precious life can be.","A beautiful life begins with a moment shared without words, reminds me how precious life can be. Let this moment stay with us a little longer."
R209,image_209,Gratitude,Thankful,A moment shared without words.,"Some memories become brighter when a moment shared without words, is a gentle reminder that love grows in moments.","Some memories become brighter when a moment shared without words, is a gentle reminder that love grows in moments. Let this moment stay with us a little longer."
R210,image_210,Moments,Peaceful,The silence that never feels empty.,"Some memories become brighter when the silence that never feels empty, is a treasure I would choose again and again.","Some memories become brighter when the silence that never feels empty, is a treasure I would choose again and again. Let this moment stay with us a little longer."
R211,image_211,Love,Tender,The way your smile finds me.,"In every little moment, the way your smile finds me, makes every tomorrow feel worth waiting for.","In every little moment, the way your smile finds me, makes every tomorrow feel worth waiting for. Let this moment stay with us a little longer."
R212,image_212,Love,Deep,The way time slows down around you.,"Under the same sky, the way time slows down around you, is a treasure I would choose again and again.","Under the same sky, the way time slows down around you, is a treasure I would choose again and again. Let this moment stay with us a little longer."
R213,image_213,Together,Warm,The stories hidden in your smile.,"Among all the places in the world, the stories hidden in your smile, is a treasure I would choose again and again.","Among all the places in the world, the stories hidden in your smile, is a treasure I would choose again and again. Let this moment stay with us a little longer."
R214,image_214,Memories,Nostalgic,The comfort of being understood.,"I still smile when I think of the comfort of being understood, is where my favorite memories begin.","I still smile when I think of the comfort of being understood, is where my favorite memories begin. Let this moment stay with us a little longer."
R215,image_215,Dreams,Hopeful,The feeling of being exactly where i belong.,"Even ordinary days feel special when the feeling of being exactly where I belong, makes distance feel smaller and hope feel closer.","Even ordinary days feel special when the feeling of being exactly where I belong, makes distance feel smaller and hope feel closer. Let this moment stay with us a little longer."
R216,image_216,Forever,Devoted,A moment shared without words.,"If love had a language, a moment shared without words, is a quiet reason to be grateful.","If love had a language, a moment shared without words, is a quiet reason to be grateful. Let this moment stay with us a little longer."
R217,image_217,Smile,Playful,The way your smile finds me.,"The moon may light the night, but the way your smile finds me, is a love story I never want to finish.","The moon may light the night, but the way your smile finds me, is a love story I never want to finish. Let this moment stay with us a little longer."
R218,image_218,Distance,Longing,The dreams we quietly share.,"Among all the places in the world, the dreams we quietly share, is the kind of magic I want to remember forever.","Among all the places in the world, the dreams we quietly share, is the kind of magic I want to remember forever. Let this moment stay with us a little longer."
R219,image_219,Gratitude,Thankful,The joy of having someone to come home to.,"Some memories become brighter when the joy of having someone to come home to, is where my favorite memories begin.","Some memories become brighter when the joy of having someone to come home to, is where my favorite memories begin. Let this moment stay with us a little longer."
R220,image_220,Moments,Peaceful,The dreams we quietly share.,"In every little moment, the dreams we quietly share, is a quiet reason to be grateful.","In every little moment, the dreams we quietly share, is a quiet reason to be grateful. Let this moment stay with us a little longer."
R221,image_221,Love,Tender,A simple walk beside you.,"The moon may light the night, but a simple walk beside you, reminds me how precious life can be.","The moon may light the night, but a simple walk beside you, reminds me how precious life can be. Let this moment stay with us a little longer."
R222,image_222,Love,Deep,The dreams we quietly share.,"Under the same sky, the dreams we quietly share, is a place my heart knows without a map.","Under the same sky, the dreams we quietly share, is a place my heart knows without a map. Let this moment stay with us a little longer."
R223,image_223,Together,Warm,The stories hidden in your smile.,"Every time I see you, the stories hidden in your smile, is the kind of magic I want to remember forever.","Every time I see you, the stories hidden in your smile, is the kind of magic I want to remember forever. Let this moment stay with us a little longer."
R224,image_224,Memories,Nostalgic,A moment shared without words.,"Even ordinary days feel special when a moment shared without words, is where my favorite memories begin.","Even ordinary days feel special when a moment shared without words, is where my favorite memories begin. Let this moment stay with us a little longer."
R225,image_225,Dreams,Hopeful,The feeling of being exactly where i belong.,"I still smile when I think of the feeling of being exactly where I belong, is the kind of happiness words can barely hold.","I still smile when I think of the feeling of being exactly where I belong, is the kind of happiness words can barely hold. Let this moment stay with us a little longer."
R226,image_226,Forever,Devoted,The hope we carry together.,"With you, the hope we carry together, is proof that the little things can mean everything.","With you, the hope we carry together, is proof that the little things can mean everything. Let this moment stay with us a little longer."
R227,image_227,Smile,Playful,The feeling of being exactly where i belong.,"I never knew peace could feel like the feeling of being exactly where I belong, is proof that the little things can mean everything.","I never knew peace could feel like the feeling of being exactly where I belong, is proof that the little things can mean everything. Let this moment stay with us a little longer."
R228,image_228,Distance,Longing,The comfort of being understood.,"My heart remembers the comfort of being understood, feels like home.","My heart remembers the comfort of being understood, feels like home. Let this moment stay with us a little longer."
R229,image_229,Gratitude,Thankful,The calm you bring to my heart.,"With you, the calm you bring to my heart, is a love story I never want to finish.","With you, the calm you bring to my heart, is a love story I never want to finish. Let this moment stay with us a little longer."
R230,image_230,Moments,Peaceful,The way time slows down around you.,"The moon may light the night, but the way time slows down around you, is a treasure I would choose again and again.","The moon may light the night, but the way time slows down around you, is a treasure I would choose again and again. Let this moment stay with us a little longer."
R231,image_231,Love,Tender,The kindness in your eyes.,"If love had a language, the kindness in your eyes, makes the heart a little lighter.","If love had a language, the kindness in your eyes, makes the heart a little lighter. Let this moment stay with us a little longer."
R232,image_232,Love,Deep,The way your smile finds me.,"When the world gets loud, the way your smile finds me, is a beautiful secret written between two hearts.","When the world gets loud, the way your smile finds me, is a beautiful secret written between two hearts. Let this moment stay with us a little longer."
R233,image_233,Together,Warm,The calm you bring to my heart.,"Under the same sky, the calm you bring to my heart, is the kind of happiness words can barely hold.","Under the same sky, the calm you bring to my heart, is the kind of happiness words can barely hold. Let this moment stay with us a little longer."
R234,image_234,Memories,Nostalgic,The hope we carry together.,"Some memories become brighter when the hope we carry together, makes distance feel smaller and hope feel closer.","Some memories become brighter when the hope we carry together, makes distance feel smaller and hope feel closer. Let this moment stay with us a little longer."
R235,image_235,Dreams,Hopeful,The warmth of your presence.,"When two hearts understand each other, the warmth of your presence, turns an ordinary day into a beautiful one.","When two hearts understand each other, the warmth of your presence, turns an ordinary day into a beautiful one. Let this moment stay with us a little longer."
R236,image_236,Forever,Devoted,A moment shared without words.,"With you, a moment shared without words, makes every tomorrow feel worth waiting for.","With you, a moment shared without words, makes every tomorrow feel worth waiting for. Let this moment stay with us a little longer."
R237,image_237,Smile,Playful,The way your smile finds me.,"When the world gets loud, the way your smile finds me, reminds me how precious life can be.","When the world gets loud, the way your smile finds me, reminds me how precious life can be. Let this moment stay with us a little longer."
R238,image_238,Distance,Longing,The promises we make with our eyes.,"If love had a language, the promises we make with our eyes, is a quiet reason to be grateful.","If love had a language, the promises we make with our eyes, is a quiet reason to be grateful. Let this moment stay with us a little longer."
R239,image_239,Gratitude,Thankful,The little things we never plan.,"The sweetest part of today was the little things we never plan, becomes a memory worth keeping.","The sweetest part of today was the little things we never plan, becomes a memory worth keeping. Let this moment stay with us a little longer."
R240,image_240,Moments,Peaceful,The beautiful uncertainty of tomorrow.,"Even ordinary days feel special when the beautiful uncertainty of tomorrow, is a love story I never want to finish.","Even ordinary days feel special when the beautiful uncertainty of tomorrow, is a love story I never want to finish. Let this moment stay with us a little longer."
R241,image_241,Love,Tender,The feeling of being exactly where i belong.,"Every time I see you, the feeling of being exactly where I belong, turns an ordinary day into a beautiful one.","Every time I see you, the feeling of being exactly where I belong, turns an ordinary day into a beautiful one. Let this moment stay with us a little longer."
R242,image_242,Love,Deep,The hope we carry together.,"A beautiful life begins with the hope we carry together, is the kind of happiness words can barely hold.","A beautiful life begins with the hope we carry together, is the kind of happiness words can barely hold. Let this moment stay with us a little longer."
R243,image_243,Together,Warm,The kindness in your eyes.,"I still smile when I think of the kindness in your eyes, makes every tomorrow feel worth waiting for.","I still smile when I think of the kindness in your eyes, makes every tomorrow feel worth waiting for. Let this moment stay with us a little longer."
R244,image_244,Memories,Nostalgic,The tiny adventures that become memories.,"When the world gets loud, the tiny adventures that become memories, is a treasure I would choose again and again.","When the world gets loud, the tiny adventures that become memories, is a treasure I would choose again and again. Let this moment stay with us a little longer."
R245,image_245,Dreams,Hopeful,The hope we carry together.,"I still smile when I think of the hope we carry together, makes forever sound wonderfully simple.","I still smile when I think of the hope we carry together, makes forever sound wonderfully simple. Let this moment stay with us a little longer."
R246,image_246,Forever,Devoted,The little things we never plan.,"If love had a language, the little things we never plan, feels like home.","If love had a language, the little things we never plan, feels like home. Let this moment stay with us a little longer."
R247,image_247,Smile,Playful,The promises we make with our eyes.,"Even ordinary days feel special when the promises we make with our eyes, makes distance feel smaller and hope feel closer.","Even ordinary days feel special when the promises we make with our eyes, makes distance feel smaller and hope feel closer. Let this moment stay with us a little longer."
R248,image_248,Distance,Longing,The promises we make with our eyes.,"I never knew peace could feel like the promises we make with our eyes, is a love story I never want to finish.","I never knew peace could feel like the promises we make with our eyes, is a love story I never want to finish. Let this moment stay with us a little longer."
R249,image_249,Gratitude,Thankful,The tiny adventures that become memories.,"If love had a language, the tiny adventures that become memories, is where my favorite memories begin.","If love had a language, the tiny adventures that become memories, is where my favorite memories begin. Let this moment stay with us a little longer."
R250,image_250,Moments,Peaceful,A moment shared without words.,"A beautiful life begins with a moment shared without words, is proof that the little things can mean everything.","A beautiful life begins with a moment shared without words, is proof that the little things can mean everything. Let this moment stay with us a little longer."
R251,image_251,Love,Tender,The calm you bring to my heart.,"When the world gets loud, the calm you bring to my heart, is a gentle reminder that love grows in moments.","When the world gets loud, the calm you bring to my heart, is a gentle reminder that love grows in moments. Let this moment stay with us a little longer."
R252,image_252,Love,Deep,The joy of having someone to come home to.,"The moon may light the night, but the joy of having someone to come home to, feels like home.","The moon may light the night, but the joy of having someone to come home to, feels like home. Let this moment stay with us a little longer."
R253,image_253,Together,Warm,Our laughter after a long day.,"There is something beautiful about our laughter after a long day, is the sweetest chapter of my life.","There is something beautiful about our laughter after a long day, is the sweetest chapter of my life. Let this moment stay with us a little longer."
R254,image_254,Memories,Nostalgic,The beautiful uncertainty of tomorrow.,"In every little moment, the beautiful uncertainty of tomorrow, reminds me how precious life can be.","In every little moment, the beautiful uncertainty of tomorrow, reminds me how precious life can be. Let this moment stay with us a little longer."
R255,image_255,Dreams,Hopeful,The beautiful uncertainty of tomorrow.,"When the world gets loud, the beautiful uncertainty of tomorrow, makes distance feel smaller and hope feel closer.","When the world gets loud, the beautiful uncertainty of tomorrow, makes distance feel smaller and hope feel closer. Let this moment stay with us a little longer."
R256,image_256,Forever,Devoted,The joy of having someone to come home to.,"In the story of my life, the joy of having someone to come home to, makes every tomorrow feel worth waiting for.","In the story of my life, the joy of having someone to come home to, makes every tomorrow feel worth waiting for. Let this moment stay with us a little longer."
R257,image_257,Smile,Playful,A moment shared without words.,"Somewhere between a moment shared without words, makes the heart a little lighter.","Somewhere between a moment shared without words, makes the heart a little lighter. Let this moment stay with us a little longer."
R258,image_258,Distance,Longing,The comfort of being understood.,"In the quiet of the comfort of being understood, is a beautiful secret written between two hearts.","In the quiet of the comfort of being understood, is a beautiful secret written between two hearts. Let this moment stay with us a little longer."
R259,image_259,Gratitude,Thankful,The warmth of your presence.,"I still smile when I think of the warmth of your presence, reminds me how precious life can be.","I still smile when I think of the warmth of your presence, reminds me how precious life can be. Let this moment stay with us a little longer."
R260,image_260,Moments,Peaceful,The joy of having someone to come home to.,"Every time I see you, the joy of having someone to come home to, reminds me how precious life can be.","Every time I see you, the joy of having someone to come home to, reminds me how precious life can be. Let this moment stay with us a little longer."
R261,image_261,Love,Tender,A simple walk beside you.,"Among all the places in the world, a simple walk beside you, becomes a memory worth keeping.","Among all the places in the world, a simple walk beside you, becomes a memory worth keeping. Let this moment stay with us a little longer."
R262,image_262,Love,Deep,The hope we carry together.,"In the story of my life, the hope we carry together, is a love story I never want to finish.","In the story of my life, the hope we carry together, is a love story I never want to finish. Let this moment stay with us a little longer."
R263,image_263,Together,Warm,The kindness in your eyes.,"My heart remembers the kindness in your eyes, becomes a memory worth keeping.","My heart remembers the kindness in your eyes, becomes a memory worth keeping. Let this moment stay with us a little longer."
R264,image_264,Memories,Nostalgic,A moment shared without words.,"I still smile when I think of a moment shared without words, is a love story I never want to finish.","I still smile when I think of a moment shared without words, is a love story I never want to finish. Let this moment stay with us a little longer."
R265,image_265,Dreams,Hopeful,The joy of having someone to come home to.,"If love had a language, the joy of having someone to come home to, is a treasure I would choose again and again.","If love had a language, the joy of having someone to come home to, is a treasure I would choose again and again. Let this moment stay with us a little longer."
R266,image_266,Forever,Devoted,The dreams we quietly share.,"Some memories become brighter when the dreams we quietly share, is a quiet reason to be grateful.","Some memories become brighter when the dreams we quietly share, is a quiet reason to be grateful. Let this moment stay with us a little longer."
R267,image_267,Smile,Playful,The hope we carry together.,"If love had a language, the hope we carry together, is more beautiful than any perfect plan.","If love had a language, the hope we carry together, is more beautiful than any perfect plan. Let this moment stay with us a little longer."
R268,image_268,Distance,Longing,The way your smile finds me.,"Some memories become brighter when the way your smile finds me, is a place my heart knows without a map.","Some memories become brighter when the way your smile finds me, is a place my heart knows without a map. Let this moment stay with us a little longer."
R269,image_269,Gratitude,Thankful,A simple walk beside you.,"The sweetest part of today was a simple walk beside you, is proof that the little things can mean everything.","The sweetest part of today was a simple walk beside you, is proof that the little things can mean everything. Let this moment stay with us a little longer."
R270,image_270,Moments,Peaceful,The stories hidden in your smile.,"I still smile when I think of the stories hidden in your smile, is a treasure I would choose again and again.","I still smile when I think of the stories hidden in your smile, is a treasure I would choose again and again. Let this moment stay with us a little longer."
R271,image_271,Love,Tender,The comfort of being understood.,"In the quiet of the comfort of being understood, is the kind of happiness words can barely hold.","In the quiet of the comfort of being understood, is the kind of happiness words can barely hold. Let this moment stay with us a little longer."
R272,image_272,Love,Deep,Our laughter after a long day.,"When two hearts understand each other, our laughter after a long day, reminds me how precious life can be.","When two hearts understand each other, our laughter after a long day, reminds me how precious life can be. Let this moment stay with us a little longer."
R273,image_273,Together,Warm,The feeling of being exactly where i belong.,"Somewhere between the feeling of being exactly where I belong, is a love story I never want to finish.","Somewhere between the feeling of being exactly where I belong, is a love story I never want to finish. Let this moment stay with us a little longer."
R274,image_274,Memories,Nostalgic,The dreams we quietly share.,"My heart remembers the dreams we quietly share, makes every tomorrow feel worth waiting for.","My heart remembers the dreams we quietly share, makes every tomorrow feel worth waiting for. Let this moment stay with us a little longer."
R275,image_275,Dreams,Hopeful,The joy of having someone to come home to.,"Among all the places in the world, the joy of having someone to come home to, is a treasure I would choose again and again.","Among all the places in the world, the joy of having someone to come home to, is a treasure I would choose again and again. Let this moment stay with us a little longer."
R276,image_276,Forever,Devoted,The calm you bring to my heart.,"There is something beautiful about the calm you bring to my heart, is more beautiful than any perfect plan.","There is something beautiful about the calm you bring to my heart, is more beautiful than any perfect plan. Let this moment stay with us a little longer."
R277,image_277,Smile,Playful,The stories hidden in your smile.,"If love had a language, the stories hidden in your smile, makes every tomorrow feel worth waiting for.","If love had a language, the stories hidden in your smile, makes every tomorrow feel worth waiting for. Let this moment stay with us a little longer."
R278,image_278,Distance,Longing,The kindness in your eyes.,"When the world gets loud, the kindness in your eyes, is a quiet reason to be grateful.","When the world gets loud, the kindness in your eyes, is a quiet reason to be grateful. Let this moment stay with us a little longer."
R279,image_279,Gratitude,Thankful,A simple walk beside you.,"With you, a simple walk beside you, is the kind of magic I want to remember forever.","With you, a simple walk beside you, is the kind of magic I want to remember forever. Let this moment stay with us a little longer."
R280,image_280,Moments,Peaceful,The silence that never feels empty.,"I still smile when I think of the silence that never feels empty, makes the heart a little lighter.","I still smile when I think of the silence that never feels empty, makes the heart a little lighter. Let this moment stay with us a little longer."
R281,image_281,Love,Tender,A moment shared without words.,"I never knew peace could feel like a moment shared without words, is a treasure I would choose again and again.","I never knew peace could feel like a moment shared without words, is a treasure I would choose again and again. Let this moment stay with us a little longer."
R282,image_282,Love,Deep,The tiny adventures that become memories.,"A beautiful life begins with the tiny adventures that become memories, is where my favorite memories begin.","A beautiful life begins with the tiny adventures that become memories, is where my favorite memories begin. Let this moment stay with us a little longer."
R283,image_283,Together,Warm,The promises we make with our eyes.,"Among all the places in the world, the promises we make with our eyes, turns an ordinary day into a beautiful one.","Among all the places in the world, the promises we make with our eyes, turns an ordinary day into a beautiful one. Let this moment stay with us a little longer."
R284,image_284,Memories,Nostalgic,The hope we carry together.,"Somewhere between the hope we carry together, makes every tomorrow feel worth waiting for.","Somewhere between the hope we carry together, makes every tomorrow feel worth waiting for. Let this moment stay with us a little longer."
R285,image_285,Dreams,Hopeful,The stories hidden in your smile.,"In every little moment, the stories hidden in your smile, is the sweetest chapter of my life.","In every little moment, the stories hidden in your smile, is the sweetest chapter of my life. Let this moment stay with us a little longer."
R286,image_286,Forever,Devoted,A simple walk beside you.,"In every little moment, a simple walk beside you, turns an ordinary day into a beautiful one.","In every little moment, a simple walk beside you, turns an ordinary day into a beautiful one. Let this moment stay with us a little longer."
R287,image_287,Smile,Playful,The dreams we quietly share.,"When two hearts understand each other, the dreams we quietly share, is the kind of happiness words can barely hold.","When two hearts understand each other, the dreams we quietly share, is the kind of happiness words can barely hold. Let this moment stay with us a little longer."
R288,image_288,Distance,Longing,The calm you bring to my heart.,"A beautiful life begins with the calm you bring to my heart, is more beautiful than any perfect plan.","A beautiful life begins with the calm you bring to my heart, is more beautiful than any perfect plan. Let this moment stay with us a little longer."
R289,image_289,Gratitude,Thankful,A moment shared without words.,"A beautiful life begins with a moment shared without words, is more beautiful than any perfect plan.","A beautiful life begins with a moment shared without words, is more beautiful than any perfect plan. Let this moment stay with us a little longer."
R290,image_290,Moments,Peaceful,Our laughter after a long day.,"In the quiet of our laughter after a long day, becomes a memory worth keeping.","In the quiet of our laughter after a long day, becomes a memory worth keeping. Let this moment stay with us a little longer."
R291,image_291,Love,Tender,A simple walk beside you.,"When the world gets loud, a simple walk beside you, is a beautiful secret written between two hearts.","When the world gets loud, a simple walk beside you, is a beautiful secret written between two hearts. Let this moment stay with us a little longer."
R292,image_292,Love,Deep,The promises we make with our eyes.,"Under the same sky, the promises we make with our eyes, is a beautiful secret written between two hearts.","Under the same sky, the promises we make with our eyes, is a beautiful secret written between two hearts. Let this moment stay with us a little longer."
R293,image_293,Together,Warm,The promises we make with our eyes.,"When two hearts understand each other, the promises we make with our eyes, is where my favorite memories begin.","When two hearts understand each other, the promises we make with our eyes, is where my favorite memories begin. Let this moment stay with us a little longer."
R294,image_294,Memories,Nostalgic,A moment shared without words.,"In the story of my life, a moment shared without words, is a treasure I would choose again and again.","In the story of my life, a moment shared without words, is a treasure I would choose again and again. Let this moment stay with us a little longer."
R295,image_295,Dreams,Hopeful,The little things we never plan.,"In every little moment, the little things we never plan, makes every tomorrow feel worth waiting for.","In every little moment, the little things we never plan, makes every tomorrow feel worth waiting for. Let this moment stay with us a little longer."
R296,image_296,Forever,Devoted,The warmth of your presence.,"I never knew peace could feel like the warmth of your presence, is where my favorite memories begin.","I never knew peace could feel like the warmth of your presence, is where my favorite memories begin. Let this moment stay with us a little longer."
R297,image_297,Smile,Playful,The little things we never plan.,"My heart remembers the little things we never plan, is a treasure I would choose again and again.","My heart remembers the little things we never plan, is a treasure I would choose again and again. Let this moment stay with us a little longer."
R298,image_298,Distance,Longing,Our laughter after a long day.,"I still smile when I think of our laughter after a long day, is a place my heart knows without a map.","I still smile when I think of our laughter after a long day, is a place my heart knows without a map. Let this moment stay with us a little longer."
R299,image_299,Gratitude,Thankful,A simple walk beside you.,"When two hearts understand each other, a simple walk beside you, is a treasure I would choose again and again.","When two hearts understand each other, a simple walk beside you, is a treasure I would choose again and again. Let this moment stay with us a little longer."
R300,image_300,Moments,Peaceful,The way time slows down around you.,"With you, the way time slows down around you, feels like home.","With you, the way time slows down around you, feels like home. Let this moment stay with us a little longer."
R301,image_301,Love,Tender,The joy of having someone to come home to.,"I still smile when I think of the joy of having someone to come home to, is a quiet reason to be grateful.","I still smile when I think of the joy of having someone to come home to, is a quiet reason to be grateful. Let this moment stay with us a little longer."
R302,image_302,Love,Deep,The silence that never feels empty.,"A beautiful life begins with the silence that never feels empty, makes every tomorrow feel worth waiting for.","A beautiful life begins with the silence that never feels empty, makes every tomorrow feel worth waiting for. Let this moment stay with us a little longer."
R303,image_303,Together,Warm,The way time slows down around you.,"Under the same sky, the way time slows down around you, reminds me how precious life can be.","Under the same sky, the way time slows down around you, reminds me how precious life can be. Let this moment stay with us a little longer."
R304,image_304,Memories,Nostalgic,The feeling of being exactly where i belong.,"In every little moment, the feeling of being exactly where I belong, makes the heart a little lighter.","In every little moment, the feeling of being exactly where I belong, makes the heart a little lighter. Let this moment stay with us a little longer."
R305,image_305,Dreams,Hopeful,The beautiful uncertainty of tomorrow.,"There is something beautiful about the beautiful uncertainty of tomorrow, is proof that the little things can mean everything.","There is something beautiful about the beautiful uncertainty of tomorrow, is proof that the little things can mean everything. Let this moment stay with us a little longer."
R306,image_306,Forever,Devoted,Our laughter after a long day.,"With you, our laughter after a long day, is the sweetest chapter of my life.","With you, our laughter after a long day, is the sweetest chapter of my life. Let this moment stay with us a little longer."
R307,image_307,Smile,Playful,The calm you bring to my heart.,"In the quiet of the calm you bring to my heart, makes forever sound wonderfully simple.","In the quiet of the calm you bring to my heart, makes forever sound wonderfully simple. Let this moment stay with us a little longer."
R308,image_308,Distance,Longing,The little things we never plan.,"There is something beautiful about the little things we never plan, is a beautiful secret written between two hearts.","There is something beautiful about the little things we never plan, is a beautiful secret written between two hearts. Let this moment stay with us a little longer."
R309,image_309,Gratitude,Thankful,The dreams we quietly share.,"There is something beautiful about the dreams we quietly share, is a quiet reason to be grateful.","There is something beautiful about the dreams we quietly share, is a quiet reason to be grateful. Let this moment stay with us a little longer."
R310,image_310,Moments,Peaceful,The promises we make with our eyes.,"Under the same sky, the promises we make with our eyes, is a quiet reason to be grateful.","Under the same sky, the promises we make with our eyes, is a quiet reason to be grateful. Let this moment stay with us a little longer."
R311,image_311,Love,Tender,The comfort of being understood.,"Some memories become brighter when the comfort of being understood, makes forever sound wonderfully simple.","Some memories become brighter when the comfort of being understood, makes forever sound wonderfully simple. Let this moment stay with us a little longer."
R312,image_312,Love,Deep,The silence that never feels empty.,"Under the same sky, the silence that never feels empty, makes every tomorrow feel worth waiting for.","Under the same sky, the silence that never feels empty, makes every tomorrow feel worth waiting for. Let this moment stay with us a little longer."
R313,image_313,Together,Warm,The memories we keep collecting.,"Under the same sky, the memories we keep collecting, reminds me how precious life can be.","Under the same sky, the memories we keep collecting, reminds me how precious life can be. Let this moment stay with us a little longer."
R314,image_314,Memories,Nostalgic,The way your smile finds me.,"Every time I see you, the way your smile finds me, is proof that the little things can mean everything.","Every time I see you, the way your smile finds me, is proof that the little things can mean everything. Let this moment stay with us a little longer."
R315,image_315,Dreams,Hopeful,The memories we keep collecting.,"Among all the places in the world, the memories we keep collecting, is a place my heart knows without a map.","Among all the places in the world, the memories we keep collecting, is a place my heart knows without a map. Let this moment stay with us a little longer."
R316,image_316,Forever,Devoted,The feeling of being exactly where i belong.,"A beautiful life begins with the feeling of being exactly where I belong, is proof that the little things can mean everything.","A beautiful life begins with the feeling of being exactly where I belong, is proof that the little things can mean everything. Let this moment stay with us a little longer."
R317,image_317,Smile,Playful,Our laughter after a long day.,"Among all the places in the world, our laughter after a long day, becomes a memory worth keeping.","Among all the places in the world, our laughter after a long day, becomes a memory worth keeping. Let this moment stay with us a little longer."
R318,image_318,Distance,Longing,The hope we carry together.,"Some memories become brighter when the hope we carry together, is the kind of magic I want to remember forever.","Some memories become brighter when the hope we carry together, is the kind of magic I want to remember forever. Let this moment stay with us a little longer."
R319,image_319,Gratitude,Thankful,Our laughter after a long day.,"Every time I see you, our laughter after a long day, becomes a memory worth keeping.","Every time I see you, our laughter after a long day, becomes a memory worth keeping. Let this moment stay with us a little longer."
R320,image_320,Moments,Peaceful,The little things we never plan.,"The sweetest part of today was the little things we never plan, is a place my heart knows without a map.","The sweetest part of today was the little things we never plan, is a place my heart knows without a map. Let this moment stay with us a little longer."
R321,image_321,Love,Tender,The way time slows down around you.,"In every little moment, the way time slows down around you, is proof that the little things can mean everything.","In every little moment, the way time slows down around you, is proof that the little things can mean everything. Let this moment stay with us a little longer."
R322,image_322,Love,Deep,The comfort of being understood.,"In every little moment, the comfort of being understood, makes the heart a little lighter.","In every little moment, the comfort of being understood, makes the heart a little lighter. Let this moment stay with us a little longer."
R323,image_323,Together,Warm,A simple walk beside you.,"Under the same sky, a simple walk beside you, makes forever sound wonderfully simple.","Under the same sky, a simple walk beside you, makes forever sound wonderfully simple. Let this moment stay with us a little longer."
R324,image_324,Memories,Nostalgic,The little things we never plan.,"Among all the places in the world, the little things we never plan, is the sweetest chapter of my life.","Among all the places in the world, the little things we never plan, is the sweetest chapter of my life. Let this moment stay with us a little longer."
R325,image_325,Dreams,Hopeful,The feeling of being exactly where i belong.,"The moon may light the night, but the feeling of being exactly where I belong, is a treasure I would choose again and again.","The moon may light the night, but the feeling of being exactly where I belong, is a treasure I would choose again and again. Let this moment stay with us a little longer."
R326,image_326,Forever,Devoted,The beautiful uncertainty of tomorrow.,"In the story of my life, the beautiful uncertainty of tomorrow, is a gentle reminder that love grows in moments.","In the story of my life, the beautiful uncertainty of tomorrow, is a gentle reminder that love grows in moments. Let this moment stay with us a little longer."
R327,image_327,Smile,Playful,The calm you bring to my heart.,"Under the same sky, the calm you bring to my heart, makes every tomorrow feel worth waiting for.","Under the same sky, the calm you bring to my heart, makes every tomorrow feel worth waiting for. Let this moment stay with us a little longer."
R328,image_328,Distance,Longing,The warmth of your presence.,"If love had a language, the warmth of your presence, is proof that the little things can mean everything.","If love had a language, the warmth of your presence, is proof that the little things can mean everything. Let this moment stay with us a little longer."
R329,image_329,Gratitude,Thankful,The memories we keep collecting.,"Every time I see you, the memories we keep collecting, makes distance feel smaller and hope feel closer.","Every time I see you, the memories we keep collecting, makes distance feel smaller and hope feel closer. Let this moment stay with us a little longer."
R330,image_330,Moments,Peaceful,A moment shared without words.,"I still smile when I think of a moment shared without words, makes every tomorrow feel worth waiting for.","I still smile when I think of a moment shared without words, makes every tomorrow feel worth waiting for. Let this moment stay with us a little longer."
R331,image_331,Love,Tender,The way time slows down around you.,"Among all the places in the world, the way time slows down around you, is proof that the little things can mean everything.","Among all the places in the world, the way time slows down around you, is proof that the little things can mean everything. Let this moment stay with us a little longer."
R332,image_332,Love,Deep,The warmth of your presence.,"In every little moment, the warmth of your presence, is proof that the little things can mean everything.","In every little moment, the warmth of your presence, is proof that the little things can mean everything. Let this moment stay with us a little longer."
R333,image_333,Together,Warm,The beautiful uncertainty of tomorrow.,"When two hearts understand each other, the beautiful uncertainty of tomorrow, is the kind of magic I want to remember forever.","When two hearts understand each other, the beautiful uncertainty of tomorrow, is the kind of magic I want to remember forever. Let this moment stay with us a little longer."
R334,image_334,Memories,Nostalgic,The warmth of your presence.,"In every little moment, the warmth of your presence, makes distance feel smaller and hope feel closer.","In every little moment, the warmth of your presence, makes distance feel smaller and hope feel closer. Let this moment stay with us a little longer."
R335,image_335,Dreams,Hopeful,The comfort of being understood.,"When two hearts understand each other, the comfort of being understood, is a gentle reminder that love grows in moments.","When two hearts understand each other, the comfort of being understood, is a gentle reminder that love grows in moments. Let this moment stay with us a little longer."
R336,image_336,Forever,Devoted,The joy of having someone to come home to.,"The moon may light the night, but the joy of having someone to come home to, is proof that the little things can mean everything.","The moon may light the night, but the joy of having someone to come home to, is proof that the little things can mean everything. Let this moment stay with us a little longer."
R337,image_337,Smile,Playful,The silence that never feels empty.,"Among all the places in the world, the silence that never feels empty, is the sweetest chapter of my life.","Among all the places in the world, the silence that never feels empty, is the sweetest chapter of my life. Let this moment stay with us a little longer."
R338,image_338,Distance,Longing,The kindness in your eyes.,"In the story of my life, the kindness in your eyes, is a place my heart knows without a map.","In the story of my life, the kindness in your eyes, is a place my heart knows without a map. Let this moment stay with us a little longer."
R339,image_339,Gratitude,Thankful,The feeling of being exactly where i belong.,"I never knew peace could feel like the feeling of being exactly where I belong, is a treasure I would choose again and again.","I never knew peace could feel like the feeling of being exactly where I belong, is a treasure I would choose again and again. Let this moment stay with us a little longer."
R340,image_340,Moments,Peaceful,A moment shared without words.,"In the quiet of a moment shared without words, is the sweetest chapter of my life.","In the quiet of a moment shared without words, is the sweetest chapter of my life. Let this moment stay with us a little longer."
R341,image_341,Love,Tender,The promises we make with our eyes.,"When the world gets loud, the promises we make with our eyes, is a place my heart knows without a map.","When the world gets loud, the promises we make with our eyes, is a place my heart knows without a map. Let this moment stay with us a little longer."
R342,image_342,Love,Deep,The beautiful uncertainty of tomorrow.,"I never knew peace could feel like the beautiful uncertainty of tomorrow, is a quiet reason to be grateful.","I never knew peace could feel like the beautiful uncertainty of tomorrow, is a quiet reason to be grateful. Let this moment stay with us a little longer."
R343,image_343,Together,Warm,The calm you bring to my heart.,"With you, the calm you bring to my heart, is a place my heart knows without a map.","With you, the calm you bring to my heart, is a place my heart knows without a map. Let this moment stay with us a little longer."
R344,image_344,Memories,Nostalgic,The kindness in your eyes.,"When two hearts understand each other, the kindness in your eyes, is a place my heart knows without a map.","When two hearts understand each other, the kindness in your eyes, is a place my heart knows without a map. Let this moment stay with us a little longer."
R345,image_345,Dreams,Hopeful,The hope we carry together.,"In the story of my life, the hope we carry together, is proof that the little things can mean everything.","In the story of my life, the hope we carry together, is proof that the little things can mean everything. Let this moment stay with us a little longer."
R346,image_346,Forever,Devoted,A moment shared without words.,"Under the same sky, a moment shared without words, makes forever sound wonderfully simple.","Under the same sky, a moment shared without words, makes forever sound wonderfully simple. Let this moment stay with us a little longer."
R347,image_347,Smile,Playful,The comfort of being understood.,"There is something beautiful about the comfort of being understood, makes every tomorrow feel worth waiting for.","There is something beautiful about the comfort of being understood, makes every tomorrow feel worth waiting for. Let this moment stay with us a little longer."
R348,image_348,Distance,Longing,Our laughter after a long day.,"In the story of my life, our laughter after a long day, feels like home.","In the story of my life, our laughter after a long day, feels like home. Let this moment stay with us a little longer."
R349,image_349,Gratitude,Thankful,Our laughter after a long day.,"When the world gets loud, our laughter after a long day, is more beautiful than any perfect plan.","When the world gets loud, our laughter after a long day, is more beautiful than any perfect plan. Let this moment stay with us a little longer."
R350,image_350,Moments,Peaceful,The hope we carry together.,"Under the same sky, the hope we carry together, is more beautiful than any perfect plan.","Under the same sky, the hope we carry together, is more beautiful than any perfect plan. Let this moment stay with us a little longer."
R351,image_351,Love,Tender,Our laughter after a long day.,"There is something beautiful about our laughter after a long day, is a treasure I would choose again and again.","There is something beautiful about our laughter after a long day, is a treasure I would choose again and again. Let this moment stay with us a little longer."
R352,image_352,Love,Deep,The beautiful uncertainty of tomorrow.,"A beautiful life begins with the beautiful uncertainty of tomorrow, makes every tomorrow feel worth waiting for.","A beautiful life begins with the beautiful uncertainty of tomorrow, makes every tomorrow feel worth waiting for. Let this moment stay with us a little longer."
R353,image_353,Together,Warm,A simple walk beside you.,"My heart remembers a simple walk beside you, is a gentle reminder that love grows in moments.","My heart remembers a simple walk beside you, is a gentle reminder that love grows in moments. Let this moment stay with us a little longer."
R354,image_354,Memories,Nostalgic,The tiny adventures that become memories.,"Every time I see you, the tiny adventures that become memories, is a love story I never want to finish.","Every time I see you, the tiny adventures that become memories, is a love story I never want to finish. Let this moment stay with us a little longer."
R355,image_355,Dreams,Hopeful,The memories we keep collecting.,"In the story of my life, the memories we keep collecting, becomes a memory worth keeping.","In the story of my life, the memories we keep collecting, becomes a memory worth keeping. Let this moment stay with us a little longer."
R356,image_356,Forever,Devoted,The promises we make with our eyes.,"If love had a language, the promises we make with our eyes, is the kind of magic I want to remember forever.","If love had a language, the promises we make with our eyes, is the kind of magic I want to remember forever. Let this moment stay with us a little longer."
R357,image_357,Smile,Playful,The way your smile finds me.,"Every time I see you, the way your smile finds me, feels like home.","Every time I see you, the way your smile finds me, feels like home. Let this moment stay with us a little longer."
R358,image_358,Distance,Longing,The way time slows down around you.,"Somewhere between the way time slows down around you, is a gentle reminder that love grows in moments.","Somewhere between the way time slows down around you, is a gentle reminder that love grows in moments. Let this moment stay with us a little longer."
R359,image_359,Gratitude,Thankful,The dreams we quietly share.,"The sweetest part of today was the dreams we quietly share, is the sweetest chapter of my life.","The sweetest part of today was the dreams we quietly share, is the sweetest chapter of my life. Let this moment stay with us a little longer."
R360,image_360,Moments,Peaceful,The silence that never feels empty.,"Among all the places in the world, the silence that never feels empty, makes distance feel smaller and hope feel closer.","Among all the places in the world, the silence that never feels empty, makes distance feel smaller and hope feel closer. Let this moment stay with us a little longer."
R361,image_361,Love,Tender,The warmth of your presence.,"There is something beautiful about the warmth of your presence, is proof that the little things can mean everything.","There is something beautiful about the warmth of your presence, is proof that the little things can mean everything. Let this moment stay with us a little longer."
R362,image_362,Love,Deep,The memories we keep collecting.,"If love had a language, the memories we keep collecting, feels like home.","If love had a language, the memories we keep collecting, feels like home. Let this moment stay with us a little longer."
R363,image_363,Together,Warm,The hope we carry together.,"Some memories become brighter when the hope we carry together, makes forever sound wonderfully simple.","Some memories become brighter when the hope we carry together, makes forever sound wonderfully simple. Let this moment stay with us a little longer."
R364,image_364,Memories,Nostalgic,The calm you bring to my heart.,"Under the same sky, the calm you bring to my heart, makes forever sound wonderfully simple.","Under the same sky, the calm you bring to my heart, makes forever sound wonderfully simple. Let this moment stay with us a little longer."
R365,image_365,Dreams,Hopeful,The beautiful uncertainty of tomorrow.,"Even ordinary days feel special when the beautiful uncertainty of tomorrow, is a place my heart knows without a map.","Even ordinary days feel special when the beautiful uncertainty of tomorrow, is a place my heart knows without a map. Let this moment stay with us a little longer."
R366,image_366,Forever,Devoted,A moment shared without words.,"Some memories become brighter when a moment shared without words, is more beautiful than any perfect plan.","Some memories become brighter when a moment shared without words, is more beautiful than any perfect plan. Let this moment stay with us a little longer."
R367,image_367,Smile,Playful,The tiny adventures that become memories.,"With you, the tiny adventures that become memories, is a place my heart knows without a map.","With you, the tiny adventures that become memories, is a place my heart knows without a map. Let this moment stay with us a little longer."
R368,image_368,Distance,Longing,The kindness in your eyes.,"Some memories become brighter when the kindness in your eyes, is a treasure I would choose again and again.","Some memories become brighter when the kindness in your eyes, is a treasure I would choose again and again. Let this moment stay with us a little longer."
R369,image_369,Gratitude,Thankful,The memories we keep collecting.,"When the world gets loud, the memories we keep collecting, is the kind of happiness words can barely hold.","When the world gets loud, the memories we keep collecting, is the kind of happiness words can barely hold. Let this moment stay with us a little longer."
R370,image_370,Moments,Peaceful,The silence that never feels empty.,"The sweetest part of today was the silence that never feels empty, is a quiet reason to be grateful.","The sweetest part of today was the silence that never feels empty, is a quiet reason to be grateful. Let this moment stay with us a little longer."
R371,image_371,Love,Tender,The silence that never feels empty.,"In the quiet of the silence that never feels empty, is more beautiful than any perfect plan.","In the quiet of the silence that never feels empty, is more beautiful than any perfect plan. Let this moment stay with us a little longer."
R372,image_372,Love,Deep,The warmth of your presence.,"Under the same sky, the warmth of your presence, is more beautiful than any perfect plan.","Under the same sky, the warmth of your presence, is more beautiful than any perfect plan. Let this moment stay with us a little longer."
R373,image_373,Together,Warm,The memories we keep collecting.,"In every little moment, the memories we keep collecting, reminds me how precious life can be.","In every little moment, the memories we keep collecting, reminds me how precious life can be. Let this moment stay with us a little longer."
R374,image_374,Memories,Nostalgic,The calm you bring to my heart.,"The sweetest part of today was the calm you bring to my heart, makes every tomorrow feel worth waiting for.","The sweetest part of today was the calm you bring to my heart, makes every tomorrow feel worth waiting for. Let this moment stay with us a little longer."
R375,image_375,Dreams,Hopeful,The way your smile finds me.,"If love had a language, the way your smile finds me, turns an ordinary day into a beautiful one.","If love had a language, the way your smile finds me, turns an ordinary day into a beautiful one. Let this moment stay with us a little longer."
R376,image_376,Forever,Devoted,The comfort of being understood.,"Every time I see you, the comfort of being understood, is a place my heart knows without a map.","Every time I see you, the comfort of being understood, is a place my heart knows without a map. Let this moment stay with us a little longer."
R377,image_377,Smile,Playful,The kindness in your eyes.,"If love had a language, the kindness in your eyes, turns an ordinary day into a beautiful one.","If love had a language, the kindness in your eyes, turns an ordinary day into a beautiful one. Let this moment stay with us a little longer."
R378,image_378,Distance,Longing,A simple walk beside you.,"The moon may light the night, but a simple walk beside you, makes every tomorrow feel worth waiting for.","The moon may light the night, but a simple walk beside you, makes every tomorrow feel worth waiting for. Let this moment stay with us a little longer."
R379,image_379,Gratitude,Thankful,The comfort of being understood.,"When two hearts understand each other, the comfort of being understood, makes distance feel smaller and hope feel closer.","When two hearts understand each other, the comfort of being understood, makes distance feel smaller and hope feel closer. Let this moment stay with us a little longer."
R380,image_380,Moments,Peaceful,The feeling of being exactly where i belong.,"Among all the places in the world, the feeling of being exactly where I belong, is a place my heart knows without a map.","Among all the places in the world, the feeling of being exactly where I belong, is a place my heart knows without a map. Let this moment stay with us a little longer."
R381,image_381,Love,Tender,The warmth of your presence.,"When two hearts understand each other, the warmth of your presence, is a quiet reason to be grateful.","When two hearts understand each other, the warmth of your presence, is a quiet reason to be grateful. Let this moment stay with us a little longer."
R382,image_382,Love,Deep,The feeling of being exactly where i belong.,"Some memories become brighter when the feeling of being exactly where I belong, makes forever sound wonderfully simple.","Some memories become brighter when the feeling of being exactly where I belong, makes forever sound wonderfully simple. Let this moment stay with us a little longer."
R383,image_383,Together,Warm,A moment shared without words.,"Under the same sky, a moment shared without words, reminds me how precious life can be.","Under the same sky, a moment shared without words, reminds me how precious life can be. Let this moment stay with us a little longer."
R384,image_384,Memories,Nostalgic,The warmth of your presence.,"Under the same sky, the warmth of your presence, is the kind of happiness words can barely hold.","Under the same sky, the warmth of your presence, is the kind of happiness words can barely hold. Let this moment stay with us a little longer."
R385,image_385,Dreams,Hopeful,A simple walk beside you.,"Under the same sky, a simple walk beside you, is a love story I never want to finish.","Under the same sky, a simple walk beside you, is a love story I never want to finish. Let this moment stay with us a little longer."
R386,image_386,Forever,Devoted,A moment shared without words.,"My heart remembers a moment shared without words, makes every tomorrow feel worth waiting for.","My heart remembers a moment shared without words, makes every tomorrow feel worth waiting for. Let this moment stay with us a little longer."
R387,image_387,Smile,Playful,The feeling of being exactly where i belong.,"In the quiet of the feeling of being exactly where I belong, is a love story I never want to finish.","In the quiet of the feeling of being exactly where I belong, is a love story I never want to finish. Let this moment stay with us a little longer."
R388,image_388,Distance,Longing,The hope we carry together.,"In the story of my life, the hope we carry together, becomes a memory worth keeping.","In the story of my life, the hope we carry together, becomes a memory worth keeping. Let this moment stay with us a little longer."
R389,image_389,Gratitude,Thankful,A simple walk beside you.,"Among all the places in the world, a simple walk beside you, is a quiet reason to be grateful.","Among all the places in the world, a simple walk beside you, is a quiet reason to be grateful. Let this moment stay with us a little longer."
R390,image_390,Moments,Peaceful,The tiny adventures that become memories.,"In the story of my life, the tiny adventures that become memories, feels like home.","In the story of my life, the tiny adventures that become memories, feels like home. Let this moment stay with us a little longer."
R391,image_391,Love,Tender,The kindness in your eyes.,"In every little moment, the kindness in your eyes, is a beautiful secret written between two hearts.","In every little moment, the kindness in your eyes, is a beautiful secret written between two hearts. Let this moment stay with us a little longer."
R392,image_392,Love,Deep,The warmth of your presence.,"Some memories become brighter when the warmth of your presence, makes the heart a little lighter.","Some memories become brighter when the warmth of your presence, makes the heart a little lighter. Let this moment stay with us a little longer."
R393,image_393,Together,Warm,The comfort of being understood.,"In every little moment, the comfort of being understood, is more beautiful than any perfect plan.","In every little moment, the comfort of being understood, is more beautiful than any perfect plan. Let this moment stay with us a little longer."
R394,image_394,Memories,Nostalgic,The calm you bring to my heart.,"Even ordinary days feel special when the calm you bring to my heart, is the kind of happiness words can barely hold.","Even ordinary days feel special when the calm you bring to my heart, is the kind of happiness words can barely hold. Let this moment stay with us a little longer."
R395,image_395,Dreams,Hopeful,The way time slows down around you.,"With you, the way time slows down around you, is a love story I never want to finish.","With you, the way time slows down around you, is a love story I never want to finish. Let this moment stay with us a little longer."
R396,image_396,Forever,Devoted,The way time slows down around you.,"I still smile when I think of the way time slows down around you, is the sweetest chapter of my life.","I still smile when I think of the way time slows down around you, is the sweetest chapter of my life. Let this moment stay with us a little longer."
R397,image_397,Smile,Playful,The memories we keep collecting.,"Every time I see you, the memories we keep collecting, is a beautiful secret written between two hearts.","Every time I see you, the memories we keep collecting, is a beautiful secret written between two hearts. Let this moment stay with us a little longer."
R398,image_398,Distance,Longing,The way your smile finds me.,"My heart remembers the way your smile finds me, is a treasure I would choose again and again.","My heart remembers the way your smile finds me, is a treasure I would choose again and again. Let this moment stay with us a little longer."
R399,image_399,Gratitude,Thankful,The warmth of your presence.,"When the world gets loud, the warmth of your presence, is a quiet reason to be grateful.","When the world gets loud, the warmth of your presence, is a quiet reason to be grateful. Let this moment stay with us a little longer."
R400,image_400,Moments,Peaceful,The memories we keep collecting.,"I never knew peace could feel like the memories we keep collecting, is more beautiful than any perfect plan.","I never knew peace could feel like the memories we keep collecting, is more beautiful than any perfect plan. Let this moment stay with us a little longer."
R401,image_401,Love,Tender,The warmth of your presence.,"Even ordinary days feel special when the warmth of your presence, becomes a memory worth keeping.","Even ordinary days feel special when the warmth of your presence, becomes a memory worth keeping. Let this moment stay with us a little longer."
R402,image_402,Love,Deep,The promises we make with our eyes.,"In every little moment, the promises we make with our eyes, is the kind of magic I want to remember forever.","In every little moment, the promises we make with our eyes, is the kind of magic I want to remember forever. Let this moment stay with us a little longer."
R403,image_403,Together,Warm,The beautiful uncertainty of tomorrow.,"The moon may light the night, but the beautiful uncertainty of tomorrow, is the kind of happiness words can barely hold.","The moon may light the night, but the beautiful uncertainty of tomorrow, is the kind of happiness words can barely hold. Let this moment stay with us a little longer."
R404,image_404,Memories,Nostalgic,The tiny adventures that become memories.,"When the world gets loud, the tiny adventures that become memories, is a gentle reminder that love grows in moments.","When the world gets loud, the tiny adventures that become memories, is a gentle reminder that love grows in moments. Let this moment stay with us a little longer."
R405,image_405,Dreams,Hopeful,The stories hidden in your smile.,"Even ordinary days feel special when the stories hidden in your smile, is the sweetest chapter of my life.","Even ordinary days feel special when the stories hidden in your smile, is the sweetest chapter of my life. Let this moment stay with us a little longer."
R406,image_406,Forever,Devoted,A simple walk beside you.,"When two hearts understand each other, a simple walk beside you, makes forever sound wonderfully simple.","When two hearts understand each other, a simple walk beside you, makes forever sound wonderfully simple. Let this moment stay with us a little longer."
R407,image_407,Smile,Playful,The way your smile finds me.,"In every little moment, the way your smile finds me, is where my favorite memories begin.","In every little moment, the way your smile finds me, is where my favorite memories begin. Let this moment stay with us a little longer."
R408,image_408,Distance,Longing,The promises we make with our eyes.,"Some memories become brighter when the promises we make with our eyes, is the kind of magic I want to remember forever.","Some memories become brighter when the promises we make with our eyes, is the kind of magic I want to remember forever. Let this moment stay with us a little longer."
R409,image_409,Gratitude,Thankful,A simple walk beside you.,"Under the same sky, a simple walk beside you, makes every tomorrow feel worth waiting for.","Under the same sky, a simple walk beside you, makes every tomorrow feel worth waiting for. Let this moment stay with us a little longer."
R410,image_410,Moments,Peaceful,The memories we keep collecting.,"Some memories become brighter when the memories we keep collecting, is more beautiful than any perfect plan.","Some memories become brighter when the memories we keep collecting, is more beautiful than any perfect plan. Let this moment stay with us a little longer."
R411,image_411,Love,Tender,The hope we carry together.,"When two hearts understand each other, the hope we carry together, makes the heart a little lighter.","When two hearts understand each other, the hope we carry together, makes the heart a little lighter. Let this moment stay with us a little longer."
R412,image_412,Love,Deep,The calm you bring to my heart.,"A beautiful life begins with the calm you bring to my heart, is a gentle reminder that love grows in moments.","A beautiful life begins with the calm you bring to my heart, is a gentle reminder that love grows in moments. Let this moment stay with us a little longer."
R413,image_413,Together,Warm,The calm you bring to my heart.,"Somewhere between the calm you bring to my heart, is the sweetest chapter of my life.","Somewhere between the calm you bring to my heart, is the sweetest chapter of my life. Let this moment stay with us a little longer."
R414,image_414,Memories,Nostalgic,The promises we make with our eyes.,"If love had a language, the promises we make with our eyes, is more beautiful than any perfect plan.","If love had a language, the promises we make with our eyes, is more beautiful than any perfect plan. Let this moment stay with us a little longer."
R415,image_415,Dreams,Hopeful,The stories hidden in your smile.,"A beautiful life begins with the stories hidden in your smile, turns an ordinary day into a beautiful one.","A beautiful life begins with the stories hidden in your smile, turns an ordinary day into a beautiful one. Let this moment stay with us a little longer."
R416,image_416,Forever,Devoted,The tiny adventures that become memories.,"The moon may light the night, but the tiny adventures that become memories, is a place my heart knows without a map.","The moon may light the night, but the tiny adventures that become memories, is a place my heart knows without a map. Let this moment stay with us a little longer."
R417,image_417,Smile,Playful,The calm you bring to my heart.,"Even ordinary days feel special when the calm you bring to my heart, becomes a memory worth keeping.","Even ordinary days feel special when the calm you bring to my heart, becomes a memory worth keeping. Let this moment stay with us a little longer."
R418,image_418,Distance,Longing,Our laughter after a long day.,"I never knew peace could feel like our laughter after a long day, is a gentle reminder that love grows in moments.","I never knew peace could feel like our laughter after a long day, is a gentle reminder that love grows in moments. Let this moment stay with us a little longer."
R419,image_419,Gratitude,Thankful,A simple walk beside you.,"In the story of my life, a simple walk beside you, is the kind of happiness words can barely hold.","In the story of my life, a simple walk beside you, is the kind of happiness words can barely hold. Let this moment stay with us a little longer."
R420,image_420,Moments,Peaceful,A simple walk beside you.,"In the story of my life, a simple walk beside you, is a place my heart knows without a map.","In the story of my life, a simple walk beside you, is a place my heart knows without a map. Let this moment stay with us a little longer."
R421,image_421,Love,Tender,The tiny adventures that become memories.,"There is something beautiful about the tiny adventures that become memories, is proof that the little things can mean everything.","There is something beautiful about the tiny adventures that become memories, is proof that the little things can mean everything. Let this moment stay with us a little longer."
R422,image_422,Love,Deep,A simple walk beside you.,"When the world gets loud, a simple walk beside you, is proof that the little things can mean everything.","When the world gets loud, a simple walk beside you, is proof that the little things can mean everything. Let this moment stay with us a little longer."
R423,image_423,Together,Warm,The tiny adventures that become memories.,"In the quiet of the tiny adventures that become memories, feels like home.","In the quiet of the tiny adventures that become memories, feels like home. Let this moment stay with us a little longer."
R424,image_424,Memories,Nostalgic,Our laughter after a long day.,"My heart remembers our laughter after a long day, is where my favorite memories begin.","My heart remembers our laughter after a long day, is where my favorite memories begin. Let this moment stay with us a little longer."
R425,image_425,Dreams,Hopeful,A moment shared without words.,"My heart remembers a moment shared without words, is a gentle reminder that love grows in moments.","My heart remembers a moment shared without words, is a gentle reminder that love grows in moments. Let this moment stay with us a little longer."
R426,image_426,Forever,Devoted,The hope we carry together.,"Some memories become brighter when the hope we carry together, is a love story I never want to finish.","Some memories become brighter when the hope we carry together, is a love story I never want to finish. Let this moment stay with us a little longer."
R427,image_427,Smile,Playful,The dreams we quietly share.,"In the quiet of the dreams we quietly share, makes forever sound wonderfully simple.","In the quiet of the dreams we quietly share, makes forever sound wonderfully simple. Let this moment stay with us a little longer."
R428,image_428,Distance,Longing,The beautiful uncertainty of tomorrow.,"Among all the places in the world, the beautiful uncertainty of tomorrow, is the sweetest chapter of my life.","Among all the places in the world, the beautiful uncertainty of tomorrow, is the sweetest chapter of my life. Let this moment stay with us a little longer."
R429,image_429,Gratitude,Thankful,The joy of having someone to come home to.,"The sweetest part of today was the joy of having someone to come home to, is the kind of happiness words can barely hold.","The sweetest part of today was the joy of having someone to come home to, is the kind of happiness words can barely hold. Let this moment stay with us a little longer."
R430,image_430,Moments,Peaceful,The little things we never plan.,"A beautiful life begins with the little things we never plan, is proof that the little things can mean everything.","A beautiful life begins with the little things we never plan, is proof that the little things can mean everything. Let this moment stay with us a little longer."
R431,image_431,Love,Tender,The joy of having someone to come home to.,"In the story of my life, the joy of having someone to come home to, is proof that the little things can mean everything.","In the story of my life, the joy of having someone to come home to, is proof that the little things can mean everything. Let this moment stay with us a little longer."
R432,image_432,Love,Deep,The calm you bring to my heart.,"I never knew peace could feel like the calm you bring to my heart, is the sweetest chapter of my life.","I never knew peace could feel like the calm you bring to my heart, is the sweetest chapter of my life. Let this moment stay with us a little longer."
R433,image_433,Together,Warm,The calm you bring to my heart.,"In every little moment, the calm you bring to my heart, is a treasure I would choose again and again.","In every little moment, the calm you bring to my heart, is a treasure I would choose again and again. Let this moment stay with us a little longer."
R434,image_434,Memories,Nostalgic,The stories hidden in your smile.,"When the world gets loud, the stories hidden in your smile, is a treasure I would choose again and again.","When the world gets loud, the stories hidden in your smile, is a treasure I would choose again and again. Let this moment stay with us a little longer."
R435,image_435,Dreams,Hopeful,The way your smile finds me.,"I still smile when I think of the way your smile finds me, reminds me how precious life can be.","I still smile when I think of the way your smile finds me, reminds me how precious life can be. Let this moment stay with us a little longer."
R436,image_436,Forever,Devoted,The warmth of your presence.,"In the quiet of the warmth of your presence, is proof that the little things can mean everything.","In the quiet of the warmth of your presence, is proof that the little things can mean everything. Let this moment stay with us a little longer."
R437,image_437,Smile,Playful,A simple walk beside you.,"The moon may light the night, but a simple walk beside you, is more beautiful than any perfect plan.","The moon may light the night, but a simple walk beside you, is more beautiful than any perfect plan. Let this moment stay with us a little longer."
R438,image_438,Distance,Longing,The memories we keep collecting.,"With you, the memories we keep collecting, is a place my heart knows without a map.","With you, the memories we keep collecting, is a place my heart knows without a map. Let this moment stay with us a little longer."
R439,image_439,Gratitude,Thankful,The memories we keep collecting.,"Every time I see you, the memories we keep collecting, is where my favorite memories begin.","Every time I see you, the memories we keep collecting, is where my favorite memories begin. Let this moment stay with us a little longer."
R440,image_440,Moments,Peaceful,The warmth of your presence.,"In the quiet of the warmth of your presence, is a quiet reason to be grateful.","In the quiet of the warmth of your presence, is a quiet reason to be grateful. Let this moment stay with us a little longer."
R441,image_441,Love,Tender,The kindness in your eyes.,"There is something beautiful about the kindness in your eyes, reminds me how precious life can be.","There is something beautiful about the kindness in your eyes, reminds me how precious life can be. Let this moment stay with us a little longer."
R442,image_442,Love,Deep,The kindness in your eyes.,"The sweetest part of today was the kindness in your eyes, is the kind of magic I want to remember forever.","The sweetest part of today was the kindness in your eyes, is the kind of magic I want to remember forever. Let this moment stay with us a little longer."
R443,image_443,Together,Warm,The warmth of your presence.,"Some memories become brighter when the warmth of your presence, becomes a memory worth keeping.","Some memories become brighter when the warmth of your presence, becomes a memory worth keeping. Let this moment stay with us a little longer."
R444,image_444,Memories,Nostalgic,A moment shared without words.,"Even ordinary days feel special when a moment shared without words, is a gentle reminder that love grows in moments.","Even ordinary days feel special when a moment shared without words, is a gentle reminder that love grows in moments. Let this moment stay with us a little longer."
R445,image_445,Dreams,Hopeful,The little things we never plan.,"Among all the places in the world, the little things we never plan, is a gentle reminder that love grows in moments.","Among all the places in the world, the little things we never plan, is a gentle reminder that love grows in moments. Let this moment stay with us a little longer."
R446,image_446,Forever,Devoted,Our laughter after a long day.,"In every little moment, our laughter after a long day, is where my favorite memories begin.","In every little moment, our laughter after a long day, is where my favorite memories begin. Let this moment stay with us a little longer."
R447,image_447,Smile,Playful,The promises we make with our eyes.,"Every time I see you, the promises we make with our eyes, is proof that the little things can mean everything.","Every time I see you, the promises we make with our eyes, is proof that the little things can mean everything. Let this moment stay with us a little longer."
R448,image_448,Distance,Longing,The beautiful uncertainty of tomorrow.,"In the quiet of the beautiful uncertainty of tomorrow, is the kind of happiness words can barely hold.","In the quiet of the beautiful uncertainty of tomorrow, is the kind of happiness words can barely hold. Let this moment stay with us a little longer."
R449,image_449,Gratitude,Thankful,A simple walk beside you.,"When two hearts understand each other, a simple walk beside you, is a beautiful secret written between two hearts.","When two hearts understand each other, a simple walk beside you, is a beautiful secret written between two hearts. Let this moment stay with us a little longer."
R450,image_450,Moments,Peaceful,The calm you bring to my heart.,"When the world gets loud, the calm you bring to my heart, is the kind of magic I want to remember forever.","When the world gets loud, the calm you bring to my heart, is the kind of magic I want to remember forever. Let this moment stay with us a little longer."
R451,image_451,Love,Tender,The beautiful uncertainty of tomorrow.,"When the world gets loud, the beautiful uncertainty of tomorrow, is the sweetest chapter of my life.","When the world gets loud, the beautiful uncertainty of tomorrow, is the sweetest chapter of my life. Let this moment stay with us a little longer."
R452,image_452,Love,Deep,The warmth of your presence.,"I still smile when I think of the warmth of your presence, is a gentle reminder that love grows in moments.","I still smile when I think of the warmth of your presence, is a gentle reminder that love grows in moments. Let this moment stay with us a little longer."
R453,image_453,Together,Warm,A simple walk beside you.,"A beautiful life begins with a simple walk beside you, is a beautiful secret written between two hearts.","A beautiful life begins with a simple walk beside you, is a beautiful secret written between two hearts. Let this moment stay with us a little longer."
R454,image_454,Memories,Nostalgic,The way time slows down around you.,"Some memories become brighter when the way time slows down around you, is more beautiful than any perfect plan.","Some memories become brighter when the way time slows down around you, is more beautiful than any perfect plan. Let this moment stay with us a little longer."
R455,image_455,Dreams,Hopeful,The joy of having someone to come home to.,"In the quiet of the joy of having someone to come home to, makes every tomorrow feel worth waiting for.","In the quiet of the joy of having someone to come home to, makes every tomorrow feel worth waiting for. Let this moment stay with us a little longer."
R456,image_456,Forever,Devoted,The tiny adventures that become memories.,"In every little moment, the tiny adventures that become memories, is a beautiful secret written between two hearts.","In every little moment, the tiny adventures that become memories, is a beautiful secret written between two hearts. Let this moment stay with us a little longer."
R457,image_457,Smile,Playful,The way your smile finds me.,"When two hearts understand each other, the way your smile finds me, is the kind of magic I want to remember forever.","When two hearts understand each other, the way your smile finds me, is the kind of magic I want to remember forever. Let this moment stay with us a little longer."
R458,image_458,Distance,Longing,The beautiful uncertainty of tomorrow.,"When the world gets loud, the beautiful uncertainty of tomorrow, is the kind of happiness words can barely hold.","When the world gets loud, the beautiful uncertainty of tomorrow, is the kind of happiness words can barely hold. Let this moment stay with us a little longer."
R459,image_459,Gratitude,Thankful,The comfort of being understood.,"A beautiful life begins with the comfort of being understood, is the sweetest chapter of my life.","A beautiful life begins with the comfort of being understood, is the sweetest chapter of my life. Let this moment stay with us a little longer."
R460,image_460,Moments,Peaceful,A simple walk beside you.,"When the world gets loud, a simple walk beside you, is the kind of magic I want to remember forever.","When the world gets loud, a simple walk beside you, is the kind of magic I want to remember forever. Let this moment stay with us a little longer."
R461,image_461,Love,Tender,The hope we carry together.,"There is something beautiful about the hope we carry together, reminds me how precious life can be.","There is something beautiful about the hope we carry together, reminds me how precious life can be. Let this moment stay with us a little longer."
R462,image_462,Love,Deep,The silence that never feels empty.,"In the quiet of the silence that never feels empty, is a place my heart knows without a map.","In the quiet of the silence that never feels empty, is a place my heart knows without a map. Let this moment stay with us a little longer."
R463,image_463,Together,Warm,The dreams we quietly share.,"A beautiful life begins with the dreams we quietly share, is a place my heart knows without a map.","A beautiful life begins with the dreams we quietly share, is a place my heart knows without a map. Let this moment stay with us a little longer."
R464,image_464,Memories,Nostalgic,The way your smile finds me.,"I still smile when I think of the way your smile finds me, feels like home.","I still smile when I think of the way your smile finds me, feels like home. Let this moment stay with us a little longer."
R465,image_465,Dreams,Hopeful,The hope we carry together.,"In the story of my life, the hope we carry together, is a treasure I would choose again and again.","In the story of my life, the hope we carry together, is a treasure I would choose again and again. Let this moment stay with us a little longer."
R466,image_466,Forever,Devoted,A moment shared without words.,"A beautiful life begins with a moment shared without words, turns an ordinary day into a beautiful one.","A beautiful life begins with a moment shared without words, turns an ordinary day into a beautiful one. Let this moment stay with us a little longer."
R467,image_467,Smile,Playful,The memories we keep collecting.,"The sweetest part of today was the memories we keep collecting, is a love story I never want to finish.","The sweetest part of today was the memories we keep collecting, is a love story I never want to finish. Let this moment stay with us a little longer."
R468,image_468,Distance,Longing,The way your smile finds me.,"There is something beautiful about the way your smile finds me, reminds me how precious life can be.","There is something beautiful about the way your smile finds me, reminds me how precious life can be. Let this moment stay with us a little longer."
R469,image_469,Gratitude,Thankful,A simple walk beside you.,"I still smile when I think of a simple walk beside you, is proof that the little things can mean everything.","I still smile when I think of a simple walk beside you, is proof that the little things can mean everything. Let this moment stay with us a little longer."
R470,image_470,Moments,Peaceful,The feeling of being exactly where i belong.,"Under the same sky, the feeling of being exactly where I belong, is more beautiful than any perfect plan.","Under the same sky, the feeling of being exactly where I belong, is more beautiful than any perfect plan. Let this moment stay with us a little longer."
R471,image_471,Love,Tender,The kindness in your eyes.,"A beautiful life begins with the kindness in your eyes, is where my favorite memories begin.","A beautiful life begins with the kindness in your eyes, is where my favorite memories begin. Let this moment stay with us a little longer."
R472,image_472,Love,Deep,Our laughter after a long day.,"I still smile when I think of our laughter after a long day, is the kind of happiness words can barely hold.","I still smile when I think of our laughter after a long day, is the kind of happiness words can barely hold. Let this moment stay with us a little longer."
R473,image_473,Together,Warm,The memories we keep collecting.,"The sweetest part of today was the memories we keep collecting, becomes a memory worth keeping.","The sweetest part of today was the memories we keep collecting, becomes a memory worth keeping. Let this moment stay with us a little longer."
R474,image_474,Memories,Nostalgic,The way time slows down around you.,"If love had a language, the way time slows down around you, is the sweetest chapter of my life.","If love had a language, the way time slows down around you, is the sweetest chapter of my life. Let this moment stay with us a little longer."
R475,image_475,Dreams,Hopeful,The little things we never plan.,"The moon may light the night, but the little things we never plan, turns an ordinary day into a beautiful one.","The moon may light the night, but the little things we never plan, turns an ordinary day into a beautiful one. Let this moment stay with us a little longer."
R476,image_476,Forever,Devoted,The kindness in your eyes.,"In the story of my life, the kindness in your eyes, is the kind of happiness words can barely hold.","In the story of my life, the kindness in your eyes, is the kind of happiness words can barely hold. Let this moment stay with us a little longer."
R477,image_477,Smile,Playful,Our laughter after a long day.,"In the quiet of our laughter after a long day, makes distance feel smaller and hope feel closer.","In the quiet of our laughter after a long day, makes distance feel smaller and hope feel closer. Let this moment stay with us a little longer."
R478,image_478,Distance,Longing,The stories hidden in your smile.,"I never knew peace could feel like the stories hidden in your smile, is a gentle reminder that love grows in moments.","I never knew peace could feel like the stories hidden in your smile, is a gentle reminder that love grows in moments. Let this moment stay with us a little longer."
R479,image_479,Gratitude,Thankful,The way your smile finds me.,"A beautiful life begins with the way your smile finds me, is a treasure I would choose again and again.","A beautiful life begins with the way your smile finds me, is a treasure I would choose again and again. Let this moment stay with us a little longer."
R480,image_480,Moments,Peaceful,The way your smile finds me.,"Somewhere between the way your smile finds me, is the sweetest chapter of my life.","Somewhere between the way your smile finds me, is the sweetest chapter of my life. Let this moment stay with us a little longer."
R481,image_481,Love,Tender,The hope we carry together.,"Somewhere between the hope we carry together, is where my favorite memories begin.","Somewhere between the hope we carry together, is where my favorite memories begin. Let this moment stay with us a little longer."
R482,image_482,Love,Deep,A simple walk beside you.,"I still smile when I think of a simple walk beside you, is a beautiful secret written between two hearts.","I still smile when I think of a simple walk beside you, is a beautiful secret written between two hearts. Let this moment stay with us a little longer."
R483,image_483,Together,Warm,The joy of having someone to come home to.,"With you, the joy of having someone to come home to, makes the heart a little lighter.","With you, the joy of having someone to come home to, makes the heart a little lighter. Let this moment stay with us a little longer."
R484,image_484,Memories,Nostalgic,The calm you bring to my heart.,"Even ordinary days feel special when the calm you bring to my heart, feels like home.","Even ordinary days feel special when the calm you bring to my heart, feels like home. Let this moment stay with us a little longer."
R485,image_485,Dreams,Hopeful,The memories we keep collecting.,"If love had a language, the memories we keep collecting, is more beautiful than any perfect plan.","If love had a language, the memories we keep collecting, is more beautiful than any perfect plan. Let this moment stay with us a little longer."
R486,image_486,Forever,Devoted,The comfort of being understood.,"In the story of my life, the comfort of being understood, feels like home.","In the story of my life, the comfort of being understood, feels like home. Let this moment stay with us a little longer."
R487,image_487,Smile,Playful,The comfort of being understood.,"There is something beautiful about the comfort of being understood, reminds me how precious life can be.","There is something beautiful about the comfort of being understood, reminds me how precious life can be. Let this moment stay with us a little longer."
R488,image_488,Distance,Longing,A simple walk beside you.,"Among all the places in the world, a simple walk beside you, makes forever sound wonderfully simple.","Among all the places in the world, a simple walk beside you, makes forever sound wonderfully simple. Let this moment stay with us a little longer."
R489,image_489,Gratitude,Thankful,The tiny adventures that become memories.,"In every little moment, the tiny adventures that become memories, is the kind of happiness words can barely hold.","In every little moment, the tiny adventures that become memories, is the kind of happiness words can barely hold. Let this moment stay with us a little longer."
R490,image_490,Moments,Peaceful,A moment shared without words.,"A beautiful life begins with a moment shared without words, is a beautiful secret written between two hearts.","A beautiful life begins with a moment shared without words, is a beautiful secret written between two hearts. Let this moment stay with us a little longer."
R491,image_491,Love,Tender,The stories hidden in your smile.,"The moon may light the night, but the stories hidden in your smile, reminds me how precious life can be.","The moon may light the night, but the stories hidden in your smile, reminds me how precious life can be. Let this moment stay with us a little longer."
R492,image_492,Love,Deep,The calm you bring to my heart.,"The sweetest part of today was the calm you bring to my heart, is the kind of happiness words can barely hold.","The sweetest part of today was the calm you bring to my heart, is the kind of happiness words can barely hold. Let this moment stay with us a little longer."
R493,image_493,Together,Warm,The way your smile finds me.,"I still smile when I think of the way your smile finds me, becomes a memory worth keeping.","I still smile when I think of the way your smile finds me, becomes a memory worth keeping. Let this moment stay with us a little longer."
R494,image_494,Memories,Nostalgic,The beautiful uncertainty of tomorrow.,"I never knew peace could feel like the beautiful uncertainty of tomorrow, is the kind of happiness words can barely hold.","I never knew peace could feel like the beautiful uncertainty of tomorrow, is the kind of happiness words can barely hold. Let this moment stay with us a little longer."
R495,image_495,Dreams,Hopeful,A simple walk beside you.,"Somewhere between a simple walk beside you, makes every tomorrow feel worth waiting for.","Somewhere between a simple walk beside you, makes every tomorrow feel worth waiting for. Let this moment stay with us a little longer."
R496,image_496,Forever,Devoted,The memories we keep collecting.,"I still smile when I think of the memories we keep collecting, is a beautiful secret written between two hearts.","I still smile when I think of the memories we keep collecting, is a beautiful secret written between two hearts. Let this moment stay with us a little longer."
R497,image_497,Smile,Playful,A moment shared without words.,"Somewhere between a moment shared without words, makes every tomorrow feel worth waiting for.","Somewhere between a moment shared without words, makes every tomorrow feel worth waiting for. Let this moment stay with us a little longer."
R498,image_498,Distance,Longing,The joy of having someone to come home to.,"I still smile when I think of the joy of having someone to come home to, is a place my heart knows without a map.","I still smile when I think of the joy of having someone to come home to, is a place my heart knows without a map. Let this moment stay with us a little longer."
R499,image_499,Gratitude,Thankful,The beautiful uncertainty of tomorrow.,"When two hearts understand each other, the beautiful uncertainty of tomorrow, is a gentle reminder that love grows in moments.","When two hearts understand each other, the beautiful uncertainty of tomorrow, is a gentle reminder that love grows in moments. Let this moment stay with us a little longer."
R500,image_500,Moments,Peaceful,The calm you bring to my heart.,"Under the same sky, the calm you bring to my heart, is proof that the little things can mean everything.","Under the same sky, the calm you bring to my heart, is proof that the little things can mean everything. Let this moment stay with us a little longer."
