id,image_slot,author,poem_title,category,mood,stanza,source,license
S001,image_001,Walt Whitman,The Mystic Trumpeter,Dream & Night,Romantic,"O how the immortal phantoms crowd around me!
I see the vast alembic ever working, I see and know the flames that
heat the world,
The glow, the blush, the beating hearts of lovers,
So blissful happy some, and some so silent, dark, and nigh to death;
Love, that is all the earth to lovers--love, that mocks time and space,
Love, that is day and night--love, that is sun and moon and stars,
Love, that is crimson, sumptuous, sick with perfume,
No other words but words of love, no other thought but love.",https://www.gutenberg.org/ebooks/1322,Public domain / CC0 dataset
S002,image_002,Christina Rossetti,,Love & Devotion,Romantic,"Sweet my Love whom I loved to try for,
Sweet my Love whom I love and sigh for,
Will you once love me and sigh for me,
You my Love whom I love and die for?",https://www.gutenberg.org/ebooks/19188,Public domain / CC0 dataset
S003,image_003,Christina Rossetti,,Love & Separation,Romantic,"Longing and love, pangs of a perished pleasure,
Longing and love, a disenkindled fire,
And memory a bottomless gulf of mire,
And love a fount of tears outrunning measure;
Oh vanity of vanities, desire!",https://www.gutenberg.org/ebooks/19188,Public domain / CC0 dataset
S004,image_004,H. W. Longfellow,THE SICILIAN'S TALE,Dream & Night,Romantic,"By chance it happened that in Atri dwelt
A knight, with spur on heel and sword in belt,
Who loved to hunt the wild-boar in the woods,
Who loved his falcons with their crimson hoods,
Who loved his hounds and horses, and all sports
And prodigalities of camps and courts;--
Loved, or had loved them; for at last, grown old,
His only passion was the love of gold.",https://www.gutenberg.org/ebooks/1365,Public domain / CC0 dataset
S005,image_005,Percy Bysshe Shelley,,Love & Separation,Romantic,"Pan loved his neighbour Echo—but that child
Of Earth and Air pined for the Satyr leaping;
The Satyr loved with wasting madness wild
The bright nymph Lyda,—and so three went weeping.
As Pan loved Echo, Echo loved the Satyr,                             _5
The Satyr, Lyda; and so love consumed them.—
And thus to each—which was a woful matter—
To bear what they inflicted Justice doomed them;
For, inasmuch as each might hate the lover,
Each, loving, so was hated.—Ye that love not                        _10
Be warned—in thought turn this example over,
That when ye love, the like return ye prove not.",https://www.gutenberg.org/ebooks/4800,Public domain / CC0 dataset
S006,image_006,Walt Whitman,A Song of Joys,Dream & Night,Romantic,"Yet O my soul supreme!
Knowist thou the joys of pensive thought?
Joys of the free and lonesome heart, the tender, gloomy heart?
Joys of the solitary walk, the spirit bow’d yet proud, the suffering
and the struggle?
The agonistic throes, the ecstasies, joys of the solemn musings day
or night?
Joys of the thought of Death, the great spheres Time and Space?
Prophetic joys of better, loftier love’s ideals, the divine wife,
the sweet, eternal, perfect comrade?
Joys all thine own undying one, joys worthy thee O soul.",https://www.gutenberg.org/ebooks/1322,Public domain / CC0 dataset
S007,image_007,Edgar Allan Poe,It was many and many a year ago,Dream & Night,Romantic,"For the moon never beams without bringing me dreams
Of the beautiful ANNABEL LEE;
And the stars never rise but I see the bright eyes
Of the beautiful ANNABEL LEE;
And so, all the night-tide, I lie down by the side
Of my darling—my darling—my life and my bride,
In her sepulchre there by the sea—
In her tomb by the side of the sea.",https://www.gutenberg.org/ebooks/76996,Public domain / CC0 dataset
S008,image_008,Christina Rossetti,,Love & Devotion,Romantic,"Heart answered heart, soul answered soul at rest,
Double against each other, filled, sufficed:
All loving, loved of all; but loving best
And best beloved of Christ.",https://www.gutenberg.org/ebooks/19188,Public domain / CC0 dataset
S009,image_009,Christina Rossetti,,Love & Devotion,Romantic,"Heart answered heart, soul answered soul at rest,
Double against each other, filled, sufficed:                    190
All loving, loved of all; but loving best
And best beloved of Christ.",https://www.gutenberg.org/ebooks/16950,Public domain / CC0 dataset
S010,image_010,Christina Rossetti,,Love & Devotion,Romantic,"All love, are loved, save only I; their hearts
Beat warm with love and joy, beat full thereof:
They cannot guess, who play the pleasant parts,
My heart is breaking for a little love.
While beehives wake and whirr,
And rabbit thins his fur,
In living spring that sets the world astir.",https://www.gutenberg.org/ebooks/19188,Public domain / CC0 dataset
S011,image_011,Edna St. Vincent Millay,All I could see from where I stood,Love & Separation,Romantic,"The world stands out on either side
No wider than the heart is wide;
Above the world is stretched the sky,--
No higher than the soul is high.
The heart can push the sea and land
Farther away on either hand;
The soul can split the sky in two,
And let the face of God shine through.
But East and West will pinch the heart
That can not keep them pushed apart;
And he whose soul is flat--the sky
Will cave in on him by and by.",https://www.gutenberg.org/ebooks/109,Public domain / CC0 dataset
S012,image_012,H. W. Longfellow,RONDEL,Love & Devotion,Romantic,"Love, love, what wilt thou with this heart of mine?
Naught see I fixed or sure in thee!
I do not know thee,--nor what deeds are thine:
Love, love, what wilt thou with this heart of mine?
Naught see I fixed or sure in thee!",https://www.gutenberg.org/ebooks/1365,Public domain / CC0 dataset
S013,image_013,Percy Bysshe Shelley,,Dream & Night,Romantic,"18.
‘It was a babe, beautiful from its birth,—
It was like thee, dear love, its eyes were thine,
Its brow, its lips, and so upon the earth                            _2985
It laid its fingers, as now rest on mine
Thine own, beloved!—’twas a dream divine;
Even to remember how it fled, how swift,
How utterly, might make the heart repine,—
Though ’twas a dream.’—Then Cythna did uplift                       _2990
Her looks on mine, as if some doubt she sought to shift:",https://www.gutenberg.org/ebooks/4800,Public domain / CC0 dataset
S014,image_014,Samuel Taylor Coleridge,,Beauty & Nature,Romantic,"Do you ask what the birds say? The Sparrow, the Dove,
The Linnet and Thrush say, 'I love and I love!'
In the winter they're silent--the wind is so strong;
What it says, I don't know, but it sings a loud song.
But green leaves, and blossoms, and sunny warm weather,              5
And singing, and loving--all come back together.
But the Lark is so brimful of gladness and love,
The green fields below him, the blue sky above,
That he sings, and he sings; and for ever sings he--
'I love my Love, and my Love loves me!'                             10",https://www.gutenberg.org/ebooks/29090,Public domain / CC0 dataset
S015,image_015,Samuel Taylor Coleridge,,Beauty & Nature,Romantic,"Then is she tenfold gladder than before!
But should disease or chance the darling take,
What then avail those songs, which sweet of yore
Were only sweet for their sweet echo's sake?                        75
Dear maid! no prattler at a mother's knee
Was e'er so dearly prized as I prize thee:
Why was I made for Love and Love denied to me?",https://www.gutenberg.org/ebooks/29090,Public domain / CC0 dataset
S016,image_016,Samuel Taylor Coleridge,"To know, to esteem, to love,--and then to part--",Love & Devotion,Romantic,"Oft to my eager soul I whisper blame,                               30
A Stranger bid it feel the Stranger's shame--
My eager soul, impatient of the name,
No strangeness owns, no Stranger's form descries:
The chidden heart spreads trembling on the eyes.
First-seen I gazed, as I would look you thro'!                      35
My best-beloved regain'd their youth in you,--
And still I ask, though now familiar grown,
Are you for _their_ sakes dear, or for your own?
O doubly dear! may Quiet with you dwell!",https://www.gutenberg.org/ebooks/29090,Public domain / CC0 dataset
S017,image_017,Percy Bysshe Shelley,,Love & Separation,Romantic,"But my heart has a music which Echo’s lips,
Though tender and true, yet can answer not,
And the shadow that moves in the soul’s eclipse                      _10
Can return not the kiss by his now forgot;
Sweet lips! he who hath
On my desolate path
Cast the darkness of absence, worse than death!",https://www.gutenberg.org/ebooks/4800,Public domain / CC0 dataset
S018,image_018,Percy Bysshe Shelley,,Dream & Night,Romantic,"NOTES:
_1 Good-night? no, love! the night is ill Stacey manuscript.
_5 How were the night without thee good Stacey manuscript.
_9 The hearts that on each other beat Stacey manuscript.
_11 Have nights as good as they are sweet Stacey manuscript.
_12 But never SAY good night Stacey manuscript.",https://www.gutenberg.org/ebooks/4800,Public domain / CC0 dataset
S019,image_019,Percy Bysshe Shelley,,Love & Separation,Romantic,"2.
I can give not what men call love,
But wilt thou accept not                                             _10
The worship the heart lifts above
And the Heavens reject not,—
The desire of the moth for the star,
Of the night for the morrow,
The devotion to something afar                                       _15
From the sphere of our sorrow?",https://www.gutenberg.org/ebooks/4800,Public domain / CC0 dataset
S020,image_020,Christina Rossetti,"""O Lord, how canst Thou say Thou lovest me?",Love & Devotion,Romantic,"""Nay, if thy love is not an empty breath
My love is as thine own--deep answers deep.
Peace, peace: I give to my beloved sleep,
Not death but sleep, for love is strong as death:
Take patience; sweet thy sleep shall be,
Yea, thou shalt wake in Paradise with Me.""",https://www.gutenberg.org/ebooks/19188,Public domain / CC0 dataset
S021,image_021,Christina Rossetti,"I love and love not: Lord, it breaks my heart",Love & Devotion,Romantic,"To love and not to love.
Thou veiled within Thy glory, gone apart
Into Thy shrine, which is above,
Dost Thou not love me, Lord, or care
For this mine ill?--
_I love thee here or there,_
_I will accept thy broken heart, lie still._",https://www.gutenberg.org/ebooks/19188,Public domain / CC0 dataset
S022,image_022,Christina Rossetti,"I love and love not: Lord, it breaks my heart",Love & Devotion,Romantic,"To love and not to love.
Thou veiled within Thy glory, gone apart
Into Thy shrine, which is above,
Dost Thou not love me, Lord, or care
For this mine ill?--
_I love thee here or there,
I will accept thy broken heart, lie still._",https://www.gutenberg.org/ebooks/16950,Public domain / CC0 dataset
S023,image_023,Percy Bysshe Shelley,FRAGMENT: SUPPOSED TO BE AN EPITHALAMIUM OF FRANCIS RAVAILLAC,Love & Separation,Romantic,"FRANCIS:
‘Soft, my dearest angel, stay,
Oh! you suck my soul away;
Suck on, suck on, I glow, I glow!
Tides of maddening passion roll,                                     _85
And streams of rapture drown my soul.
Now give me one more billing kiss,
Let your lips now repeat the bliss,
Endless kisses steal my breath,
No life can equal such a death.’                                     _90",https://www.gutenberg.org/ebooks/4800,Public domain / CC0 dataset
S024,image_024,Robert Browning,AN EPISTLE,Love & Devotion,Romantic,"The very God! think, Abib; dost thou think?
So, the All-Great, were the All-Loving too--
So, through the thunder comes a human voice
Saying, ""O heart I made, a heart beats here!
Face, my hands fashioned, see it in myself!
Thou hast no power nor mayst conceive of mine,
But love I gave thee, with myself to love,                                  310
And thou must love me who have died for thee!""
The madman saith He said so; it is strange.",https://www.gutenberg.org/ebooks/16376,Public domain / CC0 dataset
S025,image_025,Samuel Taylor Coleridge,,Love & Devotion,Romantic,"O part them never! If Hope prostrate lie,
Love too will sink and die.
But Love is subtle, and doth proof derive                           15
From her own life that Hope is yet alive;
And bending o'er, with soul-transfusing eyes,
And the soft murmurs of the mother dove,
Woos back the fleeting spirit, and half supplies;--
Thus Love repays to Hope what Hope first gave to Love.",https://www.gutenberg.org/ebooks/29090,Public domain / CC0 dataset
S026,image_026,Samuel Taylor Coleridge,Ἔρως ἀεὶ λάληθρος ἑταῖρος[462:2],Love & Separation,Romantic,"In many ways does the full heart reveal
The presence of the love it would conceal;
But in far more th' estrangéd heart lets know
The absence of the love, which yet it fain would shew.",https://www.gutenberg.org/ebooks/29090,Public domain / CC0 dataset
S027,image_027,Sara Teasdale,"Child, child, love while you can",Love & Devotion,Romantic,"The voice and the eyes and the soul of a man;
Never fear though it break your heart--
Out of the wound new joy will start;
Only love proudly and gladly and well,
Though love be heaven or love be hell.",https://www.gutenberg.org/ebooks/442,Public domain / CC0 dataset
S028,image_028,Walt Whitman,As at Thy Portals Also Death,Love & Devotion,Romantic,"As at thy portals also death,
Entering thy sovereign, dim, illimitable grounds,
To memories of my mother, to the divine blending, maternity,
To her, buried and gone, yet buried not, gone not from me,
(I see again the calm benignant face fresh and beautiful still,
I sit by the form in the coffin,
I kiss and kiss convulsively again the sweet old lips, the cheeks,
the closed eyes in the coffin;)
To her, the ideal woman, practical, spiritual, of all of earth,
life, love, to me the best,
I grave a monumental line, before I go, amid these songs,
And set a tombstone here.",https://www.gutenberg.org/ebooks/1322,Public domain / CC0 dataset
S029,image_029,Walt Whitman,Out of the Cradle Endlessly Rocking,Love & Devotion,Romantic,"O past! O happy life! O songs of joy!
In the air, in the woods, over fields,
Loved! loved! loved! loved! loved!
But my mate no more, no more with me!
We two together no more.",https://www.gutenberg.org/ebooks/1322,Public domain / CC0 dataset
S030,image_030,Walt Whitman,Sometimes with One I Love,Love & Separation,Romantic,"Sometimes with one I love I fill myself with rage for fear I effuse
unreturn’d love,
But now I think there is no unreturn’d love, the pay is certain one
way or another,
(I loved a certain person ardently and my love was not return’d,
Yet out of that I have written these songs.)",https://www.gutenberg.org/ebooks/1322,Public domain / CC0 dataset
S031,image_031,Walt Whitman,The Mystic Trumpeter,Love & Devotion,Romantic,"5
Blow again trumpeter! and for thy theme,
Take now the enclosing theme of all, the solvent and the setting,
Love, that is pulse of all, the sustenance and the pang,
The heart of man and woman all for love,
No other theme but love--knitting, enclosing, all-diffusing love.",https://www.gutenberg.org/ebooks/1322,Public domain / CC0 dataset
S032,image_032,Edgar Allan Poe,It was many and many a year ago,Beauty & Nature,Romantic,"But our love it was stronger by far than the love
Of those who were older than we—
Of many far wiser than we—
And neither the angels in heaven above,
Nor the demons down under the sea,
Can ever dissever my soul from the soul
Of the beautiful ANNABEL LEE.",https://www.gutenberg.org/ebooks/76996,Public domain / CC0 dataset
S033,image_033,H. W. Longfellow,THE SEA HATH ITS PEARLS,Dream & Night,Romantic,"The sea hath its pearls,
The heaven hath its stars;
But my heart, my heart,
My heart hath its love.",https://www.gutenberg.org/ebooks/1365,Public domain / CC0 dataset
S034,image_034,Percy Bysshe Shelley,FRAGMENT: SUPPOSED TO BE AN EPITHALAMIUM OF FRANCIS RAVAILLAC,Love & Devotion,Romantic,"Spirits! when raptures move,
Say what it is to love,
When passion’s tear stands on the cheek,                             _105
When bursts the unconscious sigh;
And the tremulous lips dare not speak
What is told by the soul-felt eye.
But what is sweeter to revenge’s ear
Than the fell tyrant’s last expiring yell?                           _110
Yes! than love’s sweetest blisses ’tis more dear
To drink the floatings of a despot’s knell.
I wake—’tis done—’tis over.",https://www.gutenberg.org/ebooks/4800,Public domain / CC0 dataset
S035,image_035,Samuel Taylor Coleridge,SCENE I,Dream & Night,Romantic,"_Raab Kiuprili._ My heart is rent asunder. O my country,
O fallen Illyria, stand I here spell-bound?
Did my King love me? Did I earn his love?                           85
Have we embraced as brothers would embrace?
Was I his arm, his thunder-bolt? And now
Must I, hag-ridden, pant as in a dream?
Or, like an eagle, whose strong wings press up
Against a coiling serpent's folds, can I                            90
Strike but for mockery, and with restless beak
Gore my own breast?--Ragozzi, thou art faithful?",https://www.gutenberg.org/ebooks/29090,Public domain / CC0 dataset
S036,image_036,Walt Whitman,Out of the Rolling Ocean the Crowd,Love & Separation,Romantic,"Now we have met, we have look’d, we are safe,
Return in peace to the ocean my love,
I too am part of that ocean my love, we are not so much separated,
Behold the great rondure, the cohesion of all, how perfect!
But as for me, for you, the irresistible sea is to separate us,
As for an hour carrying us diverse, yet cannot carry us diverse forever;
Be not impatient--a little space--know you I salute the air, the
ocean and the land,
Every day at sundown for your dear sake my love.",https://www.gutenberg.org/ebooks/1322,Public domain / CC0 dataset
S037,image_037,Alfred Tennyson,,Beauty & Nature,Romantic,"7.
Not die; but live a life of truest breath,
And teach true life to fight with mortal wrongs.
O, why should Love, like men in drinking-songs,
Spice his fair banquet with the dust of death?
Make answer, Maud my bliss,
Maud made my Maud by that long lover's kiss,
Life of my life, wilt thou not answer this?
'The dusky strand of Death inwoven here
With dear Love's tie, makes Love himself more dear.'",https://www.gutenberg.org/ebooks/56913,Public domain / CC0 dataset
S038,image_038,Christina Rossetti,I loved my love from green of Spring,Love & Devotion,Romantic,"I loved my love,--alas to see
That this should be, alas!
I thought that this could scarcely be,
Yet has it come to pass:
Sweet sweet love was,
Now bitter bitter grown to me.",https://www.gutenberg.org/ebooks/19188,Public domain / CC0 dataset
S039,image_039,Christina Rossetti,I loved my love from green of Spring,Love & Devotion,Romantic,"I loved my love--alas to see
That this should be, alas!
I thought that this could scarcely be,
Yet has it come to pass:
Sweet sweet love was,
Now bitter bitter grown to me.",https://www.gutenberg.org/ebooks/16950,Public domain / CC0 dataset
S040,image_040,Christina Rossetti,Through the vales to my love!,Dream & Night,Romantic,"Through the vales to my love!
In sweet April hours
All rainbows and showers,
While dove answers dove,--
In beautiful May,
When the orchards are tender
And frothing with flowers,--
In opulent June,
When the wheat stands up slender
By sweet-smelling hay,
And half the sun's splendour
Descends to the moon.",https://www.gutenberg.org/ebooks/19188,Public domain / CC0 dataset
S041,image_041,H. W. Longfellow,SCENE X. -- Street and garden wall.  Night.  Enter CRUZADO and,Dream & Night,Romantic,"Ah! thou moon that shinest
Argent-clear above!
All night long enlighten
My sweet lady-love!
Moon that shinest,
All night long enlighten!",https://www.gutenberg.org/ebooks/1365,Public domain / CC0 dataset
S042,image_042,Percy Bysshe Shelley,FRAGMENT: SUPPOSED TO BE AN EPITHALAMIUM OF FRANCIS RAVAILLAC,Love & Separation,Romantic,"Yes, Francis! thine was the dear knife that tore
A tyrant’s heart-strings from his guilty breast,
Thine was the daring at a tyrant’s gore,
To smile in triumph, to contemn the rest;
And thine, loved glory of thy sex! to tear                           _55
From its base shrine a despot’s haughty soul,
To laugh at sorrow in secure despair,
To mock, with smiles, life’s lingering control,
And triumph mid the griefs that round thy fate did roll.",https://www.gutenberg.org/ebooks/4800,Public domain / CC0 dataset
S043,image_043,Samuel Taylor Coleridge,,Love & Separation,Romantic,"_Alvar._                      O joy unutterable!
But hark! a sound as of removing bars
At the dungeon's outer door. A brief, brief while
Conceal thyself, my love! It is Ordonio.
For the honour of our race, for our dear father;
O for himself too (he is still my brother)
Let me recall him to his nobler nature,
That he may wake as from a dream of murder!
O let me reconcile him to himself,
Open the sacred source of penitent tears,
And be once more his own beloved Alvar.",https://www.gutenberg.org/ebooks/29090,Public domain / CC0 dataset
S044,image_044,Samuel Taylor Coleridge,Friend of the wise! and Teacher of the Good!,Dream & Night,Romantic,"Eve following eve,
Dear tranquil time, when the sweet sense of Home
Is sweetest! moments for their own sake hailed
And more desired, more precious, for thy song,
In silence listening, like a devout child,                          95
My soul lay passive, by thy various strain
Driven as in surges now beneath the stars,
With momentary stars of my own birth,
Fair constellated foam,[408:1] still darting off
Into the darkness; now a tranquil sea,                             100
Outspread and bright, yet swelling to the moon.",https://www.gutenberg.org/ebooks/29090,Public domain / CC0 dataset
S045,image_045,Samuel Taylor Coleridge,"No cloud, no relique of the sunken day",Dream & Night,Romantic,"My Friend, and thou, our Sister! we have learnt                     40
A different lore: we may not thus profane
Nature's sweet voices, always full of love
And joyance! 'Tis the merry Nightingale
That crowds, and hurries, and precipitates
With fast thick warble his delicious notes,                         45
As he were fearful that an April night
Would be too short for him to utter forth
His love-chant, and disburthen his full soul
Of all its music!",https://www.gutenberg.org/ebooks/29090,Public domain / CC0 dataset
S046,image_046,Samuel Taylor Coleridge,"O Peace, that on a lilied bank dost love",Dream & Night,Romantic,"My Sara came, with gentlest look divine;
Bright shone her eye, yet tender was its beam:
I felt the pressure of her lip to mine!
Whispering we went, and Love was all our theme--                    40
Love pure and spotless, as at first, I deem,
He sprang from Heaven! Such joys with Sleep did 'bide,
That I the living Image of my Dream
Fondly forgot. Too late I woke, and sigh'd--
'O! how shall I behold my Love at eventide!'                        45",https://www.gutenberg.org/ebooks/29090,Public domain / CC0 dataset
S047,image_047,Samuel Taylor Coleridge,SCENE I,Love & Separation,Romantic,"_Alvar._                      O joy unutterable!
But hark! a sound as of removing bars
At the dungeon's outer door. A brief, brief while                   90
Conceal thyself, my love! It is Ordonio.
For the honour of our race, for our dear father;
O for himself too (he is still my brother)
Let me recall him to his nobler nature,
That he may wake as from a dream of murder!                         95
O let me reconcile him to himself,
Open the sacred source of penitent tears,
And be once more his own beloved Alvar.",https://www.gutenberg.org/ebooks/29090,Public domain / CC0 dataset
S048,image_048,Walt Whitman,Passage to India,Dream & Night,Romantic,"Greater than stars or suns,
Bounding O soul thou journeyest forth;
What love than thine and ours could wider amplify?
What aspirations, wishes, outvie thine and ours O soul?
What dreams of the ideal? what plans of purity, perfection, strength?
What cheerful willingness for others’ sake to give up all?
For others’ sake to suffer all?",https://www.gutenberg.org/ebooks/1322,Public domain / CC0 dataset
S049,image_049,William Wordsworth,,Love & Separation,Romantic,"His father said, that to a distant town
He must repair, to ply the artist’s trade.
What tears of bitter grief till then unknown!
What tender vows our last sad kiss delayed!
To him we turned:--we had no other aid.
Like one revived, upon his neck I wept,
And her whom he had loved in joy, he said
He well could love in grief: his faith he kept;
And in a quiet home once more my father slept.",https://www.gutenberg.org/ebooks/9622,Public domain / CC0 dataset
S050,image_050,Christina Rossetti,I loved my love from green of Spring,Love & Devotion,Romantic,"I loved my love on sunny days
Until late Summer's wane;
But now that frost begins to glaze
How should one love again?
Nay, love and pain
Walk wide apart in diverse ways.",https://www.gutenberg.org/ebooks/19188,Public domain / CC0 dataset
S051,image_051,Christina Rossetti,I loved my love from green of Spring,Love & Devotion,Romantic,"I loved my love on sunny days
Until late Summer's wane;
But now that frost begins to glaze
How should one love again?                                       10
Nay, love and pain
Walk wide apart in diverse ways.",https://www.gutenberg.org/ebooks/16950,Public domain / CC0 dataset
S052,image_052,Christina Rossetti,I took my heart in my hand,Love & Devotion,Romantic,"(O my love, O my love),
I said: Let me fall or stand,
Let me live or die,
But this once hear me speak
(O my love, O my love);
Yet a woman's words are weak:
You should speak, not I.",https://www.gutenberg.org/ebooks/19188,Public domain / CC0 dataset
S053,image_053,Christina Rossetti,I took my heart in my hand,Love & Devotion,Romantic,"(O my love, O my love),
I said: Let me fall or stand,
Let me live or die,
But this once hear me speak--
(O my love, O my love)--
Yet a woman's words are weak;
You should speak, not I.",https://www.gutenberg.org/ebooks/16950,Public domain / CC0 dataset
S054,image_054,Christina Rossetti,My heart is like a singing bird,Beauty & Nature,Romantic,"Whose nest is in a watered shoot;
My heart is like an apple-tree
Whose boughs are bent with thick-set fruit;
My heart is like a rainbow shell
That paddles in a halcyon sea;
My heart is gladder than all these
Because my love is come to me.",https://www.gutenberg.org/ebooks/19188,Public domain / CC0 dataset
S055,image_055,Christina Rossetti,My heart is like a singing bird,Beauty & Nature,Romantic,"Whose nest is in a watered shoot;
My heart is like an apple-tree
Whose boughs are bent with thickset fruit;
My heart is like a rainbow shell
That paddles in a halcyon sea;
My heart is gladder than all these
Because my love is come to me.",https://www.gutenberg.org/ebooks/16950,Public domain / CC0 dataset
S056,image_056,Edgar Allan Poe,It was many and many a year ago,Beauty & Nature,Romantic,"_I_ was a child and _she_ was a child,
In this kingdom by the sea:
But we loved with a love that was more than love—
I and my ANNABEL LEE;
With a love that the wingèd seraphs of heaven
Coveted her and me.",https://www.gutenberg.org/ebooks/76996,Public domain / CC0 dataset
S057,image_057,H. W. Longfellow,,Love & Devotion,Romantic,"Ah, Love!
Perjured, false, treacherous Love!
Enemy
Of all that mankind may not rue!
Most untrue
To him who keeps most faith with thee.
Woe is me!
The falcon has the eyes of the dove.
Ah, Love!
Perjured, false, treacherous Love!",https://www.gutenberg.org/ebooks/1365,Public domain / CC0 dataset
S058,image_058,H. W. Longfellow,,Love & Separation,Romantic,"ENDICOTT.
O lost, O loved! wilt thou return no more?
O loved and lost, and loved the more when lost!
How many men are dragged into their graves
By their rebellious children!  I now feel
The agony of a father's breaking heart
In David's cry, ""O Absalom, my son!""",https://www.gutenberg.org/ebooks/1365,Public domain / CC0 dataset
S059,image_059,H. W. Longfellow,III,Dream & Night,Romantic,"THE MUSICIANS.
I sleep, but my heart awaketh;
'T is the voice of my beloved
Who knocketh, saying: Open to me,
My sister, my love, my dove,
For my head is filled with dew,
My locks with the drops of the night!",https://www.gutenberg.org/ebooks/1365,Public domain / CC0 dataset
S060,image_060,H. W. Longfellow,III,Dream & Night,Romantic,"PRINCE HENRY.
Wake not, beloved! be thy sleep
Silent as night is, and as deep!
There walks a sentinel at thy gate
Whose heart is heavy and desolate,
And the heavings of whose bosom number
The respirations of thy slumber,
As if some strange, mysterious fate
Had linked two hearts in one, and mine
Went madly wheeling about thine,
Only with wider and wilder sweep!",https://www.gutenberg.org/ebooks/1365,Public domain / CC0 dataset
S061,image_061,H. W. Longfellow,"SCENE IV. -- PRECIOSA'S chamber.  She is sitting, with a book in",Love & Separation,Romantic,"Lara.         I swear to you,
I would not harm you; I would only love you.
I would not take your honor, but restore it,
And in return I ask but some slight mark
Of your affection.  If indeed you love me,
As you confess you do, O let me thus
With this embrace--",https://www.gutenberg.org/ebooks/1365,Public domain / CC0 dataset
S062,image_062,H. W. Longfellow,THE OLD CLOCK ON THE STAIRS,Tender Reflection,Romantic,"Never here, forever there,
Where all parting, pain, and care,
And death, and time shall disappear,--
Forever there, but never here!
The horologe of Eternity
Sayeth this incessantly,--
""Forever--never!
Never--forever!""",https://www.gutenberg.org/ebooks/1365,Public domain / CC0 dataset
S063,image_063,John Keats,,Longing & Separation,Romantic,"Ah, happy, happy boughs! that cannot shed
Your leaves, nor ever bid the Spring adieu;
And, happy melodist, unwearied,
For ever piping songs for ever new;
More happy love! more happy, happy love!
For ever warm and still to be enjoy'd,
For ever panting, and for ever young;
All breathing human passion far above,
That leaves a heart high-sorrowful and cloy'd,
A burning forehead, and a parching tongue.               30",https://www.gutenberg.org/ebooks/23684,Public domain / CC0 dataset
S064,image_064,Samuel Taylor Coleridge,,Love & Devotion,Romantic,"Yes! he hath flitted from me--with what aim,
Or why, I know not! 'Twas a home of bliss,                          10
And he was innocent, as the pretty shame
Of babe, that tempts and shuns the menaced kiss,
From its twy-cluster'd hiding place of snow!
Pure as the babe, I ween, and all aglow
As the dear hopes, that swell the mother's breast--                 15
Her eyes down gazing o'er her claspéd charge;--
Yet gay as that twice happy father's kiss,
That well might glance aside, yet never miss,
Where the sweet mark emboss'd so sweet a targe--
Twice wretched he who hath been doubly blest!                       20",https://www.gutenberg.org/ebooks/29090,Public domain / CC0 dataset
S065,image_065,Samuel Taylor Coleridge,47,Beauty & Nature,Romantic,"Didst thou think less of thy dear self
Far more would others think of thee!
Sweet Anne! the knowledge of thy wealth
Reduces thee to poverty.
Boon Nature gave wit, beauty, health,
On thee as on her darling pitching;
Couldst thou forget thou'rt thus enrich'd
That moment would'st thou become rich in!
And wert thou not so self-bewitch'd,
Sweet Anne! thou wert, indeed, bewitching.",https://www.gutenberg.org/ebooks/29090,Public domain / CC0 dataset
S066,image_066,Samuel Taylor Coleridge,Nor travels my meandering eye,Love & Separation,Romantic,"O mark those smiling tears, that swell
The open'd rose! From heaven they fell,
And with the sun-beam blend.
Blest visitations from above,                                       70
Such are the tender woes of Love
Fostering the heart they bend!",https://www.gutenberg.org/ebooks/29090,Public domain / CC0 dataset
S067,image_067,Samuel Taylor Coleridge,SCENE III,Love & Separation,Romantic,"_Wallenstein._ I know you love them not--nor sire nor son--
Because that I esteem them, love them--visibly
Esteem them, love them more than you and others,
E'en as they merit. Therefore are they eye-blights,                 35
Thorns in your foot-path. But your jealousies,
In what affect they me or my concerns?
Are they the worse to me because you hate them?
Love or hate one another as you will,
I leave to each man his own moods and likings;                      40
Yet know the worth of each of you to me.",https://www.gutenberg.org/ebooks/29090,Public domain / CC0 dataset
S068,image_068,Samuel Taylor Coleridge,SCENE IX,Love & Separation,Romantic,"What other angel seek I? To this heart,
To this unerring heart, will I submit it,
Will ask thy love, which has the power to bless                     35
The happy man alone, averted ever
From the disquieted and guilty--canst thou
Still love me, if I stay? Say that thou canst,
And I am the Duke's----",https://www.gutenberg.org/ebooks/29090,Public domain / CC0 dataset
S069,image_069,Samuel Taylor Coleridge,SONG,Love & Devotion,Romantic,"_Bethlen._ A sweeter voice!--A voice of love and pity!             225
Was it the softened echo of mine own?
Sad echo! but the hope it kill'd was sickly,
And ere it died it had been mourned as dead!
One other hope yet lives within my soul:
Quick let me ask!--while yet this stifling fear,                   230
This stop of the heart, leaves utterance!--Are--are these
The sole remains of her that gave me life?
Have I a mother?          [_ZAPOLYA rushes out to embrace him._
Ha!",https://www.gutenberg.org/ebooks/29090,Public domain / CC0 dataset
S070,image_070,Sara Teasdale,Brown-thrush singing all day long,Love & Devotion,Romantic,"In the leaves above me,
Take my love this April song,
""Love me, love me, love me!""",https://www.gutenberg.org/ebooks/442,Public domain / CC0 dataset
S071,image_071,Sara Teasdale,"Child, child, love while you can",Love & Devotion,Romantic,"Child, child, love while you may,
For life is short as a happy day;
Never fear the thing you feel--
Only by love is life made real;
Love, for the deadly sins are seven,
Only through love will you enter heaven.",https://www.gutenberg.org/ebooks/442,Public domain / CC0 dataset
S072,image_072,Sara Teasdale,"When I am dying, let me know",Love & Devotion,Romantic,"That I loved the blowing snow
Although it stung like whips;
That I loved all lovely things
And I tried to take their stings
With gay unembittered lips;
That I loved with all my strength,
To my soul's full depth and length,
Careless if my heart must break,
That I sang as children sing
Fitting tunes to everything,
Loving life for its own sake.",https://www.gutenberg.org/ebooks/591,Public domain / CC0 dataset
S073,image_073,Thomas Hardy,,Love & Devotion,Romantic,"This love puts all humanity from me;
I can but maledict her, pray her dead,
For giving love and getting love of thee—
Feeding a heart that else mine own had fed!",https://www.gutenberg.org/ebooks/3167,Public domain / CC0 dataset
S074,image_074,Walt Whitman,Pioneers! O Pioneers!,Love & Devotion,Romantic,"O resistless restless race!
O beloved race in all! O my breast aches with tender love for all!
O I mourn and yet exult, I am rapt with love for all,
Pioneers! O pioneers!",https://www.gutenberg.org/ebooks/1322,Public domain / CC0 dataset
S075,image_075,Christina Rossetti,A smile because the nights are short!,Love & Devotion,Romantic,"And every morning brings such pleasure
Of sweet love-making, harmless sport:
Love that makes and finds its treasure;
Love, treasure without measure.",https://www.gutenberg.org/ebooks/19188,Public domain / CC0 dataset
S076,image_076,Christina Rossetti,A smile because the nights are short!,Love & Devotion,Romantic,"And every morning brings such pleasure
Of sweet love-making, harmless sport:
Love, that makes and finds its treasure;
Love, treasure without measure.",https://www.gutenberg.org/ebooks/16950,Public domain / CC0 dataset
S077,image_077,Edgar Allan Poe,Kind solace in a dying hour!,Love & Separation,Romantic,"O, human love! thou spirit given,
On Earth, of all we hope in Heaven!
Which fall’st into the soul like rain
Upon the Siroc-withered plain,
And, failing in thy power to bless,
But leav’st the heart a wilderness!
Idea! which bindest life around
With music of so strange a sound
And beauty of so wild a birth—
Farewell! for I have won the Earth.",https://www.gutenberg.org/ebooks/76996,Public domain / CC0 dataset
S078,image_078,Edwin Arlington Robinson,,Love & Separation,Romantic,"To you that sit with Sorrow like chained slaves,
And wonder if the night will ever come,
I would say this:  The night will never come,
And sorrow is not always.  But my words
Are not enough; your eyes are not enough;
The soul itself must insulate the Real,
Or ever you do cherish in this life --
In this life or in any life -- repose.",https://www.gutenberg.org/ebooks/313,Public domain / CC0 dataset
S079,image_079,H. W. Longfellow,,Love & Separation,Romantic,"CHRISTUS.
Yea, thou hast rightly judged.
Seest thou this woman?  When thine house I entered,
Thou gavest me no water for my feet,
But she hath washed them with her tears, and wiped them
With her own hair.  Thou gavest me no kiss;
This woman hath not ceased, since I came in,
To kiss my feet.  My head with oil didst thou
Anoint not; but this woman hath anointed
My feet with ointment.  Hence I say to thee,
Her sins, which have been many, are forgiven,
For she loved much.",https://www.gutenberg.org/ebooks/1365,Public domain / CC0 dataset
S080,image_080,H. W. Longfellow,,Love & Devotion,Romantic,"UPSALL.
You know your father only as a father;
I know him better as a Magistrate.
He is a man both loving and severe;
A tender heart; a will inflexible.
None ever loved him more than I have loved him.
He is an upright man and a just man
In all things save the treatment of the Quakers.",https://www.gutenberg.org/ebooks/1365,Public domain / CC0 dataset
S081,image_081,H. W. Longfellow,,Love & Separation,Romantic,"VITTORIA.
Come to my arms and to my heart once more;
My soul goes out to meet you and embrace you,
For we are of the sisterhood of sorrow.
I know what you have suffered.",https://www.gutenberg.org/ebooks/1365,Public domain / CC0 dataset
S082,image_082,H. W. Longfellow,REMORSE,Dream & Night,Romantic,"And upward I gazed in the night, in the night,
And again on the waves in their fleeting;
Ah woe! thou hast wasted thy days in delight,
Now silence thou light,
In the night, in the night,
The remorse in thy heart that is beating.",https://www.gutenberg.org/ebooks/1365,Public domain / CC0 dataset
S083,image_083,H. W. Longfellow,SCENE V. -- VICTORIAN'S chambers at  Alcala.  HYPOLITO asleep in,Love & Separation,Romantic,"Hyp.  Ay, there it is! and, if I were in love,
That is the very point I most should dread.
This magic glass, these magic spells of thine,
Might tell a tale were better left untold.
For instance, they might show us thy fair cousin,
The Lady Violante, bathed in tears
Of love and anger, like the maid of Colchis,
Whom thou, another faithless Argonaut,
Having won that golden fleece, a woman's love,
Desertest for this Glauce.",https://www.gutenberg.org/ebooks/1365,Public domain / CC0 dataset
S084,image_084,H. W. Longfellow,THE STUDENT’S TALE,Love & Separation,Romantic,"The one, close-hooded, had the attractive grace
Which sorrow sometimes lends a woman’s face;
Her dark eyes moistened with the mists that roll
From the gulf-stream of passion in the soul;
The other with her hood thrown back, her hair
Making a golden glory in the air,
Her cheeks suffused with an auroral blush,
Her young heart singing louder than the thrush.
So walked, that morn, through mingled light and shade,
Each by the other’s presence lovelier made,
Monna Giovanna and her bosom friend,
Intent upon their errand and its end.",https://www.gutenberg.org/ebooks/1365,Public domain / CC0 dataset
S085,image_085,H. W. Longfellow,THE STUDENT’S TALE,Love & Separation,Romantic,"Ser Federigo listens, and replies,
With tears of love and pity in his eyes:
“Alas, dear lady! there can be no task
So sweet to me, as giving when you ask.
One little hour ago, if I had known
This wish of yours, it would have been my own.
But thinking in what manner I could best
Do honor to the presence of my guest,
I deemed that nothing worthier could be
Than what most dear and precious was to me,
And so my gallant falcon breathed his last
To furnish forth this morning our repast.”",https://www.gutenberg.org/ebooks/1365,Public domain / CC0 dataset
S086,image_086,Samuel Taylor Coleridge,11,Love & Devotion,Romantic,"Once again, sweet Willow, wave thee!
Why stays my Love?
Bend, and in yon streamlet--lave thee!
Why stays my Love?
Oft have I at evening straying,
Stood, thy branches long surveying,
Graceful in the light breeze playing,--
Why stays my Love?",https://www.gutenberg.org/ebooks/29090,Public domain / CC0 dataset
S087,image_087,Samuel Taylor Coleridge,"If thou wert here, these tears were tears of light!",Dream & Night,Romantic,"Upon a sleeping mother's lips, I guess
It would have made the loving mother dream
That she was softly bending down to kiss                            15
Her babe, that something more than babe did seem,
A floating presence of its darling father,
And yet its own dear baby self far rather!",https://www.gutenberg.org/ebooks/29090,Public domain / CC0 dataset
S088,image_088,Samuel Taylor Coleridge,SCENE II,Dream & Night,Romantic,"_Ordonio._ Love! love! and then we hate! and what? and wherefore?
Hatred and love! fancies opposed by fancies!                        95
What? if one reptile sting another reptile?
Where is the crime? The goodly face of nature
Hath one disfeaturing stain the less upon it.
Are we not all predestined transiency,
And cold dishonour? Grant it, that this hand                       100
Had given a morsel to the hungry worms
Somewhat too early--Where's the crime of this?
That this must needs bring on the idiotcy
Of moist-eyed penitence--'tis like a dream!",https://www.gutenberg.org/ebooks/29090,Public domain / CC0 dataset
S089,image_089,Samuel Taylor Coleridge,SCENE IV,Love & Devotion,Romantic,"_Wallenstein (turns himself round to the females)._ Lo, there the
mother with the darling daughter!
For once we'll have an interval of rest--
Come! my heart yearns to live a cloudless hour
In the beloved circle of my family.                                 40",https://www.gutenberg.org/ebooks/29090,Public domain / CC0 dataset
S090,image_090,Samuel Taylor Coleridge,"SCENE THE FIRST.--A hall of armory, with an altar in the part farthest",Dream & Night,Romantic,"_Osorio (in a slow voice with a reasoning laugh)._ Love--love--and
then we hate--and what? and wherefore?
Hatred and love. Strange things! both strange alike!
What if one reptile sting another reptile,
Where is the crime? The goodly face of Nature
Hath one trail less of slimy filth upon it.                        215
Are we not all predestined rottenness
And cold dishonor? Grant it that this hand
Had given a morsel to the hungry worms
Somewhat too early. Where's the guilt of this?
That this must needs bring on the idiotcy                          220
Of moist-eyed penitence--'tis like a dream!",https://www.gutenberg.org/ebooks/29090,Public domain / CC0 dataset
S091,image_091,Sara Teasdale,,Love & Separation,Romantic,"Oh, love that lives its life with laughter
Or love that lives its life with tears
Can die--but love that is never spoken
Goes like a ghost through the winding years. . . .",https://www.gutenberg.org/ebooks/442,Public domain / CC0 dataset
S092,image_092,Sara Teasdale,,Dream & Night,Romantic,"Now the slow moon brightens in heaven,
The stars are ready, the night is here--
Oh why must I lose myself to love you,
My dear?",https://www.gutenberg.org/ebooks/591,Public domain / CC0 dataset
S093,image_093,Walt Whitman,,Love & Devotion,Romantic,"10
O how shall I warble myself for the dead one there I loved?
And how shall I deck my song for the large sweet soul that has gone?
And what shall my perfume be for the grave of him I love?",https://www.gutenberg.org/ebooks/1322,Public domain / CC0 dataset
S094,image_094,Walt Whitman,Dirge for Two Veterans,Dream & Night,Romantic,"The moon gives you light,
And the bugles and the drums give you music,
And my heart, O my soldiers, my veterans,
My heart gives you love.",https://www.gutenberg.org/ebooks/1322,Public domain / CC0 dataset
S095,image_095,William Blake,,Love & Separation,Romantic,"But he that loves the lowly, pours his oil upon my head
And kisses me, and binds his nuptial bands around my breast.
And says; Thou mother of my children, I have loved thee
And I have given thee a crown that none can take away.
But how this is sweet maid, I know not, and I cannot know
I ponder, and I cannot ponder; yet I live and love.",https://www.gutenberg.org/ebooks/574,Public domain / CC0 dataset
S096,image_096,William Wordsworth,,Beauty & Nature,Romantic,"Oh! love me, love me, little boy!
Thou art thy mother’s only joy;
And do not dread the waves below,
When o’er the sea-rock’s edge we go;
The high crag cannot work me harm,
Nor leaping torrents when they howl;
The babe I carry on my arm,
He saves for me my precious soul;
Then happy lie, for blest am I;
Without me my sweet babe would die.",https://www.gutenberg.org/ebooks/9622,Public domain / CC0 dataset
S097,image_097,Alfred Tennyson,,Tender Reflection,Romantic,"So dark a mind within me dwells,
And I make myself such evil cheer,
That if I be dear to some one else,
Then some one else may have much to fear;
But if I be dear to some one else,
Then I should be to myself more dear.
Shall I not take care of all that I think,
Yea ev'n of wretched meat and drink,
If I be dear,
If I be dear to some one else.",https://www.gutenberg.org/ebooks/56913,Public domain / CC0 dataset
S098,image_098,Christina Rossetti,"Oh fair Milly Brandon, a young maid, a fair maid!",Beauty & Nature,Romantic,"""Good-bye, Walter. I can guess which thornless rose you covet;
Long may it bloom and prolong its sunny morn:
Yet as for my one thorny rose, I do not cease to love it,
And if it is no more a flower I love it as a thorn.""",https://www.gutenberg.org/ebooks/19188,Public domain / CC0 dataset
S099,image_099,Christina Rossetti,On the wind of January,Beauty & Nature,Romantic,"In the wind of sunny June
Thrives the red rose crop,
Every day fresh blossoms blow
While the first leaves drop;
White rose and yellow rose
And moss-rose choice to find,
And the cottage cabbage-rose
Not one whit behind.",https://www.gutenberg.org/ebooks/19188,Public domain / CC0 dataset
S100,image_100,H. W. Longfellow,DELIA,Beauty & Nature,Romantic,"Sweet as the tender fragrance that survives,
When martyred flowers breathe out their little lives,
Sweet as a song that once consoled our pain,
But never will be sung to us again,
Is thy remembrance.  Now the hour of rest
Hath come to thee.  Sleep, darling; it is best.",https://www.gutenberg.org/ebooks/1365,Public domain / CC0 dataset
S101,image_101,H. W. Longfellow,II,Love & Separation,Romantic,"""Who knows? perhaps I am forsaken!
Ah! woe is me! then bear me to my grave!
O God! what thoughts within me waken!
Away! he will return!  I do but rave!
He will return!  I need not fear!
He swore it by our Saviour dear;
He could not come at his own will;
Is weary, or perhaps is ill!
Perhaps his heart, in this disguise,
Prepares for me some sweet surprise!
But some one comes!  Though blind, my heart can see!
And that deceives me not! 't is he! 't is he!""",https://www.gutenberg.org/ebooks/1365,Public domain / CC0 dataset
S102,image_102,H. W. Longfellow,SCENE X. -- Street and garden wall.  Night.  Enter CRUZADO and,Dream & Night,Romantic,"Thine eyes are stars of morning,
Thy lips are crimson flowers!
Good night!  Good night beloved,
While I count the weary hours.",https://www.gutenberg.org/ebooks/1365,Public domain / CC0 dataset
S103,image_103,H. W. Longfellow,THE CASTLE OF VAUTSBERG ON THE RHINE,Dream & Night,Romantic,"ELSIE.
Ah, not so soon.
See yonder fire!  It is the moon
Slow rising o'er the eastern hill.
It glimmers on the forest tips
And through the dewy foliage drips
In little rivulets of light,
And makes the heart in love with night.",https://www.gutenberg.org/ebooks/1365,Public domain / CC0 dataset
S104,image_104,Samuel Taylor Coleridge,Hast thou a charm to stay the morning-star,Love & Separation,Romantic,"Awake, my soul! not only passive praise
Thou owest! not alone these swelling tears,                         25
Mute thanks and secret ecstasy! Awake,
Voice of sweet song! Awake, my heart, awake!
Green vales and icy cliffs, all join my Hymn.",https://www.gutenberg.org/ebooks/29090,Public domain / CC0 dataset
S105,image_105,Samuel Taylor Coleridge,"If thou wert here, these tears were tears of light!",Love & Devotion,Romantic,"But from as sweet a vision did I start
As ever made these eyes grow idly bright!
And though I weep, yet still around my heart
A sweet and playful tenderness doth linger,                          5
Touching my heart as with an infant's finger.",https://www.gutenberg.org/ebooks/29090,Public domain / CC0 dataset
S106,image_106,Samuel Taylor Coleridge,PART III[276:1],Love & Devotion,Romantic,"And in the moment of his prayers
He loved them both alike:
Yea, both sweet names with one sweet joy                           375
Upon his heart did strike!",https://www.gutenberg.org/ebooks/29090,Public domain / CC0 dataset
S107,image_107,Samuel Taylor Coleridge,"SCENE I. A cultivated Plain, skirted on the Left by a Wood. The",Dream & Night,Romantic,"_Earl Henry._           O I were most base
Not loving Oropeza. True, I woo'd her
Hoping to heal a deeper wound: but she
Met my advances with an empassion'd Pride
That kindled Love with Love. And when her Sire                     270
Who in his dream of Hope already grasp'd
The golden circlet in his hand, rejected
My suit, with Insult, and in memory
Of ancient Feuds, pour'd Curses on my head,
Her Blessings overtook and baffled them.                           275
But thou art stern, and with unkindling Countenance
Art inly reasoning whilst thou listenest to me.",https://www.gutenberg.org/ebooks/29090,Public domain / CC0 dataset
S108,image_108,Samuel Taylor Coleridge,SCENE II,Dream & Night,Romantic,"_Teresa._                 For mercy's sake
Press me no more! I have no power to love him.                      80
His proud forbidding eye, and his dark brow,
Chill me like dew-damps of the unwholesome night:
My love, a timorous and tender flower,
Closes beneath his touch.",https://www.gutenberg.org/ebooks/29090,Public domain / CC0 dataset
S109,image_109,Samuel Taylor Coleridge,Sandoval. You loved the daughter of Don Manrique?,Dream & Night,Romantic,"_Earl H._               Oh! I were most base,
Not loving Oropeza. True, I wooed her,                               5
Hoping to heal a deeper wound; but she
Met my advances with impassioned pride,
That kindled love with love. And when her sire,
Who in his dream of hope already grasped
The golden circlet in his hand, rejected                            10
My suit with insult, and in memory
Of ancient feuds poured curses on my head,
Her blessings overtook and baffled them!
But thou art stern, and with unkindly countenance
Art inly reasoning whilst thou listenest to me.                     15",https://www.gutenberg.org/ebooks/29090,Public domain / CC0 dataset
S110,image_110,Samuel Taylor Coleridge,"To know, to esteem, to love,--and then to part--",Dream & Night,Romantic,"Sweet Sisters! were you placed around one hearth                    45
With those, your other selves in shape and worth,
Far rather would I sit in solitude,
Fond recollections all my fond heart's food,
And dream of _you_, sweet Sisters! (ah! not mine!)
And only _dream_ of you (ah! dream and pine!)                       50
Than boast the presence and partake the pride,
And shine in the eye, of all the world beside.",https://www.gutenberg.org/ebooks/29090,Public domain / CC0 dataset
S111,image_111,Sara Teasdale,,Dream & Night,Romantic,"For though I know he loves me,
To-night my heart is sad;
His kiss was not so wonderful
As all the dreams I had.",https://www.gutenberg.org/ebooks/442,Public domain / CC0 dataset
S112,image_112,Sara Teasdale,,Love & Devotion,Romantic,"He has come, he is here,
My love has come home,
The minutes are lighter
Than flying foam,
The hours are like dancers
On gold-slippered feet,
The days are young runners
Naked and fleet--
For my love has returned,
He is home, he is here,
In the whole world no other
Is dear as my dear!",https://www.gutenberg.org/ebooks/591,Public domain / CC0 dataset
S113,image_113,Sara Teasdale,This is the spot where I will lie,Love & Separation,Romantic,"""O Soul,"" I said, ""have you no tears?
Was not the body dear to you?""
I heard my soul say carelessly,
""The myrtle flowers will grow more blue.""",https://www.gutenberg.org/ebooks/442,Public domain / CC0 dataset
S114,image_114,W. B. Yeats,"I whispered, ""I am too young,""",Love & Separation,Romantic,"Oh love is the crooked thing,
There is nobody wise enough
To find out all that is in it,
For he would be thinking of love
Till the stars had run away,
And the shadows eaten the moon;
Ah, penny, brown penny, brown penny,
One cannot begin it too soon.",https://www.gutenberg.org/ebooks/30488,Public domain / CC0 dataset
S115,image_115,W. B. Yeats,"I whispered, 'I am too young,'",Love & Separation,Romantic,"Oh, love is the crooked thing,
There is nobody wise enough
To find out all that is in it,
For he would be thinking of love
Till the stars had run away,
And the shadows eaten the moon.
Ah, penny, brown penny, brown penny,
One cannot begin it too soon.",https://www.gutenberg.org/ebooks/36865,Public domain / CC0 dataset
S116,image_116,W. B. Yeats,We sat together at one summer's end,Dream & Night,Romantic,"I had a thought for no one's but your ears;
That you were beautiful and that I strove
To love you in the old high way of love;
That it had all seemed happy, and yet we'd grown
As weary hearted as that hollow moon.",https://www.gutenberg.org/ebooks/30652,Public domain / CC0 dataset
S117,image_117,Walt Whitman,45,Love & Devotion,Romantic,"Sit a while dear son,
Here are biscuits to eat and here is milk to drink,
But as soon as you sleep and renew yourself in sweet clothes, I kiss you
with a good-by kiss and open the gate for your egress hence.",https://www.gutenberg.org/ebooks/1322,Public domain / CC0 dataset
S118,image_118,Walt Whitman,Ashes of Soldiers,Love & Devotion,Romantic,"Perfume therefore my chant, O love, immortal love,
Give me to bathe the memories of all dead soldiers,
Shroud them, embalm them, cover them all over with tender pride.",https://www.gutenberg.org/ebooks/1322,Public domain / CC0 dataset
S119,image_119,Walt Whitman,Come Up from the Fields Father,Love & Separation,Romantic,"But the mother needs to be better,
She with thin form presently drest in black,
By day her meals untouch’d, then at night fitfully sleeping, often waking,
In the midnight waking, weeping, longing with one deep longing,
O that she might withdraw unnoticed, silent from life escape and withdraw,
To follow, to seek, to be with her dear dead son.",https://www.gutenberg.org/ebooks/1322,Public domain / CC0 dataset
S120,image_120,Walt Whitman,Dirge for Two Veterans,Dream & Night,Romantic,"Lo, the moon ascending,
Up from the east the silvery round moon,
Beautiful over the house-tops, ghastly, phantom moon,
Immense and silent moon.",https://www.gutenberg.org/ebooks/1322,Public domain / CC0 dataset
S121,image_121,Walt Whitman,I Heard You Solemn-Sweet Pipes of the Organ,Dream & Night,Romantic,"I heard you solemn-sweet pipes of the organ as last Sunday morn I
pass’d the church,
Winds of autumn, as I walk’d the woods at dusk I heard your long-
stretch’d sighs up above so mournful,
I heard the perfect Italian tenor singing at the opera, I heard the
soprano in the midst of the quartet singing;
Heart of my love! you too I heard murmuring low through one of the
wrists around my head,
Heard the pulse of you when all was still ringing little bells last
night under my ear.",https://www.gutenberg.org/ebooks/1322,Public domain / CC0 dataset
S122,image_122,Walt Whitman,Old Ireland,Love & Separation,Romantic,"Far hence amid an isle of wondrous beauty,
Crouching over a grave an ancient sorrowful mother,
Once a queen, now lean and tatter’d seated on the ground,
Her old white hair drooping dishevel’d round her shoulders,
At her feet fallen an unused royal harp,
Long silent, she too long silent, mourning her shrouded hope and heir,
Of all the earth her heart most full of sorrow because most full of love.",https://www.gutenberg.org/ebooks/1322,Public domain / CC0 dataset
S123,image_123,Walt Whitman,Old War-Dreams,Dream & Night,Romantic,"Of scenes of Nature, fields and mountains,
Of skies so beauteous after a storm, and at night the moon so
unearthly bright,
Shining sweetly, shining down, where we dig the trenches and
gather the heaps,
I dream, I dream, I dream.",https://www.gutenberg.org/ebooks/1322,Public domain / CC0 dataset
S124,image_124,Walt Whitman,Out of the Cradle Endlessly Rocking,Dream & Night,Romantic,"Low hangs the moon, it rose late,
It is lagging--O I think it is heavy with love, with love.",https://www.gutenberg.org/ebooks/1322,Public domain / CC0 dataset
S125,image_125,Walt Whitman,So Long!,Love & Separation,Romantic,"Dear friend whoever you are take this kiss,
I give it especially to you, do not forget me,
I feel like one who has done work for the day to retire awhile,
I receive now again of my many translations, from my avataras
ascending, while others doubtless await me,
An unknown sphere more real than I dream’d, more direct, darts
awakening rays about me, So long!
Remember my words, I may again return,
I love you, I depart from materials,
I am as one disembodied, triumphant, dead.",https://www.gutenberg.org/ebooks/1322,Public domain / CC0 dataset
S126,image_126,Walt Whitman,When Lilacs Last in the Dooryard Bloom’d,Dream & Night,Romantic,"2
O powerful western fallen star!
O shades of night--O moody, tearful night!
O great star disappear’d--O the black murk that hides the star!
O cruel hands that hold me powerless--O helpless soul of me!
O harsh surrounding cloud that will not free my soul.",https://www.gutenberg.org/ebooks/1322,Public domain / CC0 dataset
S127,image_127,Alfred Tennyson,,Love & Separation,Romantic,"10.
There has fallen a splendid tear
From the passion-flower at the gate.
She is coming, my dove, my dear;
She is coming, my life, my fate;
The red rose cries, *She is near, she is near;'
And the white rose weeps, 'She is late;'
The larkspur listens, 'I hear, I hear;'
And the lily whispers, 'I wait.'",https://www.gutenberg.org/ebooks/56913,Public domain / CC0 dataset
S128,image_128,Alfred Tennyson,,Love & Devotion,Romantic,"7.
For years, a measureless ill,
For years, for ever, to part--
But she, she would love me still;
And as long, God, as she
Have a grain of love for me,
So long, no doubt, no doubt,
Shall I nurse in my dark heart,
However weary, a spark of will
Not to be trampled out.",https://www.gutenberg.org/ebooks/56913,Public domain / CC0 dataset
S129,image_129,Alfred Tennyson,,Love & Devotion,Romantic,"13.
But the broad light glares and beats,
And the shadow flits and fleets
And will not let me be;
And I loathe the squares and streets,
And the faces that one meets,
Hearts with no love for me:
Always I long to creep
Into some still cavern deep,
There to weep, and weep, and weep
My whole soul out to thee.",https://www.gutenberg.org/ebooks/56913,Public domain / CC0 dataset
S130,image_130,Christina Rossetti,"""O Lord, how canst Thou say Thou lovest me?",Love & Devotion,Romantic,"""Lord, I am fain to think Thou lovest me,
For Thou art all in all and I am Thine;
And lo! Thy love is better than new wine,
And I am sick of love in loving Thee.
But dost Thou love me? speak and save,
For jealousy is cruel as the grave.""",https://www.gutenberg.org/ebooks/19188,Public domain / CC0 dataset
S131,image_131,Christina Rossetti,Awake or sleeping (for I know not which),Dream & Night,Romantic,"Shuddering in the misery of its doom:
My heart then rose a rebel against light,
Scouring all earth and heaven and depth and height,
Ingathering wrath and gloom,
Ingathering wrath to wrath and night to night.",https://www.gutenberg.org/ebooks/19188,Public domain / CC0 dataset
S132,image_132,Christina Rossetti,"I did not chide him, though I knew",Love & Devotion,Romantic,"Why strive for love when love is o'er?
Why bind a restive heart?--
He never knew the pain I bore
In saying: 'We must part;                                        10
Let us be friends and nothing more.'
--Oh, woman's shallow art!",https://www.gutenberg.org/ebooks/16950,Public domain / CC0 dataset
S133,image_133,Christina Rossetti,I was a cottage maiden,Love & Devotion,Romantic,"O cousin Kate, my love was true,
Your love was writ in sand:
If he had fooled not me but you,
If you stood where I stand,
He'd not have won me with his love
Nor bought me with his land;
I would have spit into his face
And not have taken his hand.                                     40",https://www.gutenberg.org/ebooks/16950,Public domain / CC0 dataset
S134,image_134,Christina Rossetti,Is this the Face that thrills with awe,Love & Devotion,Romantic,"Seraphs who veil their face above?
Is this the Face without a flaw,
The Face that is the Face of Love?
Yea, this defaced, a lifeless clod,
Hath all creation's love sufficed,
Hath satisfied the love of God,
This Face the Face of Jesus Christ.",https://www.gutenberg.org/ebooks/19188,Public domain / CC0 dataset
S135,image_135,Christina Rossetti,er at the gate,Love & Devotion,Romantic,"She cried 'Laura,' up the garden,
'Did you miss me?
Come and kiss me.
Never mind my bruises,
Hug me, kiss me, suck my juices
Squeezed from goblin fruits for you,
Goblin pulp and goblin dew.                                       470
Eat me, drink me, love me;
Laura, make much of me:
For your sake I have braved the glen
And had to do with goblin merchant men.'",https://www.gutenberg.org/ebooks/16950,Public domain / CC0 dataset
S136,image_136,Edgar Allan Poe,,Love & Devotion,Romantic,"Here once, through an alley Titanic,
Of cypress, I roamed with my Soul—
Of cypress, with Psyche, my Soul.
These were days when my heart was volcanic
As the scoriac rivers that roll—
As the lavas that restlessly roll
Their sulphurous currents down Yaanek
In the ultimate climes of the pole—
That groan as they roll down Mount Yaanek
In the realms of the boreal pole.",https://www.gutenberg.org/ebooks/76996,Public domain / CC0 dataset
S137,image_137,Edgar Allan Poe,,Beauty & Nature,Romantic,"Thou wast that all to me, love,
For which my soul did pine—
A green isle in the sea, love,
A fountain and a shrine,
All wreathed with fairy fruits and flowers,
And all the flowers were mine.",https://www.gutenberg.org/ebooks/76996,Public domain / CC0 dataset
S138,image_138,Edgar Allan Poe,"Fair river! in thy bright, clear flow",Beauty & Nature,Romantic,"But when within thy wave she looks—
Which glistens then, and trembles—
Why, then, the prettiest of brooks
Her worshipper resembles;
For in his heart, as in thy stream,
Her image deeply lies—
His heart which trembles at the beam
Of her soul-searching eyes.",https://www.gutenberg.org/ebooks/76996,Public domain / CC0 dataset
S139,image_139,Edgar Allan Poe,II,Dream & Night,Romantic,"“No lingering winters there, nor snow, nor shower—
But Ocean ever to refresh mankind
Breathes the shrill spirit of the western wind.”
Oh, beautiful!—most beautiful!—how like
To what my fevered soul doth dream of Heaven!
O happy land! (_pauses_) She died!—the maiden died!
O still more happy maiden who couldst die!
Jacinta!",https://www.gutenberg.org/ebooks/76996,Public domain / CC0 dataset
S140,image_140,Edgar Allan Poe,III,Love & Separation,Romantic,"_Voice_ (_very faintly_). “And is thy heart so strong
As for to leave me thus,
That have loved thee so long,
In wealth and woe among?
And is thy heart so strong
As for to leave me thus?
Say nay! say nay!”",https://www.gutenberg.org/ebooks/76996,Public domain / CC0 dataset
S141,image_141,Edgar Allan Poe,Kind solace in a dying hour!,Love & Separation,Romantic,"O, she was worthy of all love!
Love as in infancy was mine—
’Twas such as angel minds above
Might envy; her young heart the shrine
On which my every hope and thought
Were incense—then a goodly gift,
For they were childish and upright—
Pure as her young example taught:
Why did I leave it, and, adrift,
Trust to the fire within, for light?",https://www.gutenberg.org/ebooks/76996,Public domain / CC0 dataset
S142,image_142,Emily Dickinson,,Love & Devotion,Romantic,"That I did always love,
I bring thee proof:
That till I loved
I did not love enough.",https://www.gutenberg.org/ebooks/2678,Public domain / CC0 dataset
S143,image_143,Gerard Manley Hopkins,PART THE FIRST,Love & Devotion,Romantic,"3
The frown of his face
Before me, the hurtle of hell
Behind, where, where was a, where was a place?
I whirled out wings that spell
And fled with a fling of the heart to the heart of the Host.
My heart, but you were dovewinged, I can tell,
Carrier-witted, I am bold to boast,
To flash from the flame to the flame then, tower from the grace
to the grace.",https://www.gutenberg.org/ebooks/22403,Public domain / CC0 dataset
S144,image_144,H. W. Longfellow,APRIL,Beauty & Nature,Romantic,"I open wide the portals of the Spring
To welcome the procession of the flowers,
With their gay banners, and the birds that sing
Their song of songs from their aerial towers.
I soften with my sunshine and my showers
The heart of earth; with thoughts of love I glide
Into the hearts of men; and with the Hours
Upon the Bull with wreathed horns I ride.",https://www.gutenberg.org/ebooks/1365,Public domain / CC0 dataset
S145,image_145,H. W. Longfellow,AT LA CHAUDEAU,Love & Separation,Romantic,"At La Chaudeau nor heart nor brain
Ever grows old with grief and pain;
A sweet remembrance keeps off age;
A tender friendship doth still assuage
The burden of sorrow that one may know
At La Chaudeau.",https://www.gutenberg.org/ebooks/1365,Public domain / CC0 dataset
S146,image_146,H. W. Longfellow,BY THE SEASIDE,Love & Separation,Romantic,"And everywhere
The slender, graceful spars
Poise aloft in the air,
And at the mast-head,
White, blue, and red,
A flag unrolls the stripes and stars.
Ah! when the wanderer, lonely, friendless,
In foreign harbors shall behold
That flag unrolled,
'T will be as a friendly hand
Stretched out from his native land,
Filling his heart with memories sweet and endless!",https://www.gutenberg.org/ebooks/1365,Public domain / CC0 dataset
S147,image_147,H. W. Longfellow,FIRST INTERLUDE,Love & Devotion,Romantic,"Open and manifest to me
The truth appears, and must be told;
All sacred mysteries are threefold;
Three Persons in the Trinity,
Three ages of Humanity,
And holy Scriptures likewise three,
Of Fear, of Wisdom, and of Love;
For Wisdom that begins in Fear
Endeth in Love; the atmosphere
In which the soul delights to be
And finds that perfect liberty
Which cometh only from above.",https://www.gutenberg.org/ebooks/1365,Public domain / CC0 dataset
S148,image_148,H. W. Longfellow,FROM THE FRENCH,Love & Separation,Romantic,"Hark! hark!
Pretty lark!
Little heedest thou my pain!
But if to these longing arms
Pitying Love would yield the charms
Of the fair
With smiling air,
Blithe would beat my heart again.",https://www.gutenberg.org/ebooks/1365,Public domain / CC0 dataset
S149,image_149,H. W. Longfellow,III,Beauty & Nature,Romantic,"THE BRIDEGROOM.
Sweetly the minstrels sing the Song of Songs!
My heart runs forward with it, and I say:
Oh set me as a seal upon thine heart,
And set me as a seal upon thine arm;
For love is strong as life, and strong as death,
And cruel as the grave is jealousy!",https://www.gutenberg.org/ebooks/1365,Public domain / CC0 dataset
S150,image_150,H. W. Longfellow,RONDEL,Love & Devotion,Romantic,"Shall I be mute, or vows with prayers combine?
Ye who are blessed in loving, tell it me:
Love, love, what wilt thou with this heart of mine?
Naught see I permanent or sure in thee!",https://www.gutenberg.org/ebooks/1365,Public domain / CC0 dataset
S151,image_151,H. W. Longfellow,SCENE V. -- The Gypsy camp in the forest.  Night.  Gypsies,Love & Devotion,Romantic,"Vict.  I have heard all.  And yet speak on, speak on!
Let me but hear thy voice, and I am happy;
For every tone, like some sweet incantation,
Calls up the buried past to plead for me.
Speak, my beloved, speak into my heart,
Whatever fills and agitates thine own.",https://www.gutenberg.org/ebooks/1365,Public domain / CC0 dataset
S152,image_152,H. W. Longfellow,SCENE V. -- The Gypsy camp in the forest.  Night.  Gypsies,Love & Separation,Romantic,"Hyp.                      So farewell,
The student's wandering life!  Sweet serenades,
Sung under ladies' windows in the night,
And all that makes vacation beautiful!
To you, ye cloistered shades of Alcala,
To you, ye radiant visions of romance,
Written in books, but here surpassed by truth,
The Bachelor Hypolito returns,
And leaves the Gypsy with the Spanish Student.",https://www.gutenberg.org/ebooks/1365,Public domain / CC0 dataset
S153,image_153,H. W. Longfellow,SILENT LOVE,Love & Devotion,Romantic,"Who love would seek,
Let him love evermore
And seldom speak;
For in love's domain
Silence must reign;
Or it brings the heart
Smart
And pain.",https://www.gutenberg.org/ebooks/1365,Public domain / CC0 dataset
S154,image_154,H. W. Longfellow,THE BRIDGE,Love & Devotion,Romantic,"And forever and forever,
As long as the river flows,
As long as the heart has passions,
As long as life has woes;",https://www.gutenberg.org/ebooks/1365,Public domain / CC0 dataset
S155,image_155,H. W. Longfellow,THE NEIGHBORING NUNNERY,Love & Separation,Romantic,"IRMINGARD.
The night is silent, the wind is still,
The moon is looking from yonder hill
Down upon convent, and grove, and garden;
The clouds have passed away from her face,
Leaving behind them no sorrowful trace,
Only the tender and quiet grace
Of one whose heart has been healed with pardon!",https://www.gutenberg.org/ebooks/1365,Public domain / CC0 dataset
S156,image_156,H. W. Longfellow,THE NEIGHBORING NUNNERY,Dream & Night,Romantic,"It was a dream, and would not stay;
A dream, that in a single night
Faded and vanished out of sight.
My father's anger followed fast
This passion, as a freshening blast
Seeks out and fans the fire, whose rage
It may increase, but not assuage.
And he exclaimed: ""No wandering bard
Shall win thy hand, O Irmingard!
For which Prince Henry of Hoheneck
By messenger and letter sues.""",https://www.gutenberg.org/ebooks/1365,Public domain / CC0 dataset
S157,image_157,H. W. Longfellow,THE OLD CLOCK ON THE STAIRS,Dream & Night,Romantic,"There groups of merry children played,
There youths and maidens dreaming strayed;
O precious hours! O golden prime,
And affluence of love and time!
Even as a Miser counts his gold,
Those hours the ancient timepiece told,--
""Forever--never!
Never--forever!""",https://www.gutenberg.org/ebooks/1365,Public domain / CC0 dataset
S158,image_158,John Keats,,Love & Separation,Romantic,"At length burst in the argent revelry,
With plume, tiara, and all rich array,
Numerous as shadows haunting fairily
The brain, new stuff'd, in youth, with triumphs gay        40
Of old romance. These let us wish away,
And turn, sole-thoughted, to one Lady there,
Whose heart had brooded, all that wintry day,
On love, and wing'd St. Agnes' saintly care,
As she had heard old dames full many times declare.",https://www.gutenberg.org/ebooks/23684,Public domain / CC0 dataset
S159,image_159,John Keats,,Love & Separation,Romantic,"Sudden a thought came like a full-blown rose,
Flushing his brow, and in his pained heart
Made purple riot: then doth he propose
A stratagem, that makes the beldame start:
""A cruel man and impious thou art:                        140
Sweet lady, let her pray, and sleep, and dream
Alone with her good angels, far apart
From wicked men like thee. Go, go!--I deem
Thou canst not surely be the same that thou didst seem.""",https://www.gutenberg.org/ebooks/23684,Public domain / CC0 dataset
S160,image_160,John Keats,,Dream & Night,Romantic,"Out went the taper as she hurried in;
Its little smoke, in pallid moonshine, died:              200
She clos'd the door, she panted, all akin
To spirits of the air, and visions wide:
No uttered syllable, or, woe betide!
But to her heart, her heart was voluble,
Paining with eloquence her balmy side;
As though a tongueless nightingale should swell
Her throat in vain, and die, heart-stifled, in her dell.",https://www.gutenberg.org/ebooks/23684,Public domain / CC0 dataset
S161,image_161,Robert Browning,A PRETTY WOMAN,Love & Separation,Romantic,"Or else kiss away one's soul on her?
Your love-fancies!
--A sick man sees
Truer, when his hot eyes roll on her!                                        60",https://www.gutenberg.org/ebooks/16376,Public domain / CC0 dataset
S162,image_162,Robert Browning,A WOMAN'S LAST WORD,Love & Devotion,Romantic,"--Must a little weep, Love,
(Foolish me!)
And so fall asleep, Love,
Loved by thee.                                                             40",https://www.gutenberg.org/ebooks/16376,Public domain / CC0 dataset
S163,image_163,Samuel Taylor Coleridge,26,Love & Devotion,Romantic,"You mould my Hopes you fashion me within:
And to the leading love-throb in the heart,
Through all my being, through my pulses beat;
You lie in all my many thoughts like Light,
Like the fair light of Dawn, or summer Eve,
On rippling stream, or cloud-reflecting lake;
And looking to the Heaven that bends above you,
How oft! I bless the lot that made me love you.",https://www.gutenberg.org/ebooks/29090,Public domain / CC0 dataset
S164,image_164,Samuel Taylor Coleridge,52,Love & Separation,Romantic,"I stand alone, nor tho' my heart should break,
Have I, to whom I may complain or speak.
Here I stand, a hopeless man and sad,
Who hoped to have seen my Love, my Life.
And strange it were indeed, could I be glad
Remembering her, my soul's betrothéd wife.
For in this world no creature that has life
Was e'er to me so gracious and so good.
Her loss is to my Heart, like the Heart's blood.",https://www.gutenberg.org/ebooks/29090,Public domain / CC0 dataset
S165,image_165,Samuel Taylor Coleridge,DESIRE[485:1],Love & Devotion,Romantic,"Where true Love burns Desire is Love's pure flame;
It is the reflex of our earthly frame,
That takes its meaning from the nobler part,
And but translates the language of the heart.",https://www.gutenberg.org/ebooks/29090,Public domain / CC0 dataset
S166,image_166,Samuel Taylor Coleridge,"It was some Spirit, SHERIDAN! that breath'd",Dream & Night,Romantic,"And sweet thy voice, as when o'er LAURA'S bier                       5
Sad Music trembled thro' Vauclusa's glade;
Sweet, as at dawn the love-lorn Serenade
That wafts soft dreams to SLUMBER'S listening ear.",https://www.gutenberg.org/ebooks/29090,Public domain / CC0 dataset
S167,image_167,Samuel Taylor Coleridge,Lady. If Love be dead--,Love & Devotion,Romantic,"_Poet._ And I aver it!
_Lady._ Tell me, Bard! where Love lies buried?
_Poet._ Love lies buried where 'twas born:
Oh, gentle dame! think it no scorn                                   5
If, in my fancy, I presume
To call thy bosom poor Love's Tomb.
And on that tomb to read the line:--
'Here lies a Love that once seem'd mine,
But caught a chill, as I divine,                                    10
And died at length of a Decline.'",https://www.gutenberg.org/ebooks/29090,Public domain / CC0 dataset
S168,image_168,Samuel Taylor Coleridge,"One kiss, dear Maid! I said and sigh'd--",Beauty & Nature,Romantic,"Too well those lovely lips disclose
The triumphs of the opening Rose;
O fair! O graceful! bid them prove
As passive to the breath of Love.                                   20
In tender accents, faint and low,
Well-pleas'd I hear the whisper'd 'No!'
The whispered 'No'--how little meant!
Sweet Falsehood that endears Consent!
For on those lovely lips the while                                  25
Dawns the soft relenting smile,
And tempts with feign'd dissuasion coy
The gentle violence of Joy.",https://www.gutenberg.org/ebooks/29090,Public domain / CC0 dataset
S169,image_169,Sara Teasdale,,Love & Devotion,Romantic,"My first love gave me singing,
My second eyes to see,
But oh, it was my third love
Who gave my soul to me.",https://www.gutenberg.org/ebooks/442,Public domain / CC0 dataset
S170,image_170,Sara Teasdale,Brown-thrush singing all day long,Love & Separation,Romantic,"When he harkens what you say,
Bid him, lest he miss me,
Leave his work or leave his play,
And kiss me, kiss me, kiss me!",https://www.gutenberg.org/ebooks/442,Public domain / CC0 dataset
S171,image_171,Sara Teasdale,Until I lose my soul and lie,Love & Separation,Romantic,"Until my heart is quenched at length
And I have left the land of men,
Oh, let me love with all my strength
Careless if I am loved again.",https://www.gutenberg.org/ebooks/442,Public domain / CC0 dataset
S172,image_172,Thomas Hardy,,Love & Devotion,Romantic,"With eye and cry of love illimited
Upon her Heart-king.  Never upon me
Had she thrown look of love so thorough-sped! . . .",https://www.gutenberg.org/ebooks/3167,Public domain / CC0 dataset
S173,image_173,Thomas Hardy,,Love & Separation,Romantic,"WHEN, soul in soul reflected,
We breathed an æthered air,
When we neglected
All things elsewhere,
And left the friendly friendless
To keep our love aglow,
We deemed it endless . . .
—We did not know!",https://www.gutenberg.org/ebooks/3167,Public domain / CC0 dataset
S174,image_174,Thomas Hardy,,Dream & Night,Romantic,"And in the night as I lay weak,
As I lay weak,
The leaves a-falling on my cheek,
The red moon low declined—
The ghost of him I’d die to kiss
Rose up and said: “Ah, tell me this!
Was the child mine, or was it his?
Speak, that I rest may find!”",https://www.gutenberg.org/ebooks/2997,Public domain / CC0 dataset
S175,image_175,Thomas Hardy,,Love & Devotion,Romantic,"Rhyme, Ballad-rhymer, start a country song;
Make me forget that she whom I loved well
Swore she would love me dearly, love me long,
Then—what I cannot tell!",https://www.gutenberg.org/ebooks/2997,Public domain / CC0 dataset
S176,image_176,Thomas Hardy,(For other forms of this legend—first met with in the second century—see,Dream & Night,Romantic,"“Well, I was young, and hot, and readily stirred
To quick desire.  ’Twas tedious timing out
The convalescence of the soldiery;
And I beguiled the long and empty days
By blissful yieldance to her sweet allure,
Who had no arts, but what out-arted all,
The tremulous tender charm of trustfulness.
We met, and met, and under the winking stars
That passed which peoples earth—true union, yea,
To the pure eye of her simplicity.",https://www.gutenberg.org/ebooks/2997,Public domain / CC0 dataset
S177,image_177,Thomas Hardy,AS I lay awake at night-time,Love & Devotion,Romantic,"“Yes: that movement was a warning
Of the worth of man’s devotion!—Yes, Sir, I am _old_,” said she,
“And the thing which should increase love turns it quickly into
scorning—
And your new-won heart from me!”",https://www.gutenberg.org/ebooks/2997,Public domain / CC0 dataset
S178,image_178,Thomas Hardy,I LONGED to love a full-boughed beech,Love & Devotion,Romantic,"In new affection next I strove
To coll an ash I saw,
And he in trust received my love;
Till with my soft green claw
I cramped and bound him as I wove . . .
Such was my love: ha-ha!",https://www.gutenberg.org/ebooks/3167,Public domain / CC0 dataset
S179,image_179,Thomas Hardy,THEY had long met o’ Zundays—her true love and she—,Love & Devotion,Romantic,"The lover Tim Tankens mourned heart-sick and drear
To be thus of his darling deprived:
He roamed in the dark ath’art field, mound, and mere,
And, a’most without knowing it, found himself near
The house of the tranter, and now of his Dear,
Where the lantern-light showed ’em arrived.",https://www.gutenberg.org/ebooks/3167,Public domain / CC0 dataset
S180,image_180,Thomas Hardy,"WHY didn’t you say you was promised, Rose-Ann?",Dream & Night,Romantic,"Never once did you say you was promised, Rose-Ann,
Never once did I dream it to be;
And it cuts to the heart to be treated, Rose-Ann,
As you in your scorning treat me!",https://www.gutenberg.org/ebooks/2997,Public domain / CC0 dataset
S181,image_181,W. B. Yeats,"I whispered, ""I am too young,""",Love & Devotion,Romantic,"And then, ""I am old enough,""
Wherefore I threw a penny
To find out if I might love;
""Go and love, go and love, young man,
If the lady be young and fair,""
Ah, penny, brown penny, brown penny,
I am looped in the loops of her hair.",https://www.gutenberg.org/ebooks/30488,Public domain / CC0 dataset
S182,image_182,W. B. Yeats,"I whispered, 'I am too young,'",Love & Devotion,Romantic,"And then, 'I am old enough;'
Wherefore I threw a penny
To find out if I might love.
'Go and love, go and love, young man,
If the lady be young and fair.'
Ah, penny, brown penny, brown penny,
I am looped in the loops of her hair.",https://www.gutenberg.org/ebooks/36865,Public domain / CC0 dataset
S183,image_183,W. B. Yeats,We sat together at one summer's end,Dream & Night,Romantic,"We sat grown quiet at the name of love.
We saw the last embers of daylight die
And in the trembling blue-green of the sky
A moon, worn as if it had been a shell
Washed by time's waters as they rose and fell
About the stars and broke in days and years.",https://www.gutenberg.org/ebooks/30652,Public domain / CC0 dataset
S184,image_184,Walt Whitman,,Beauty & Nature,Romantic,"3
In the dooryard fronting an old farm-house near the white-wash’d palings,
Stands the lilac-bush tall-growing with heart-shaped leaves of rich green,
With many a pointed blossom rising delicate, with the perfume strong I love,
With every leaf a miracle--and from this bush in the dooryard,
With delicate-color’d blossoms and heart-shaped leaves of rich green,
A sprig with its flower I break.",https://www.gutenberg.org/ebooks/1322,Public domain / CC0 dataset
S185,image_185,Walt Whitman,,Love & Devotion,Romantic,"A festival song,
The duet of the bridegroom and the bride, a marriage-march,
With lips of love, and hearts of lovers fill’d to the brim with love,
The red-flush’d cheeks and perfumes, the cortege swarming full of
friendly faces young and old,
To flutes’ clear notes and sounding harps’ cantabile.",https://www.gutenberg.org/ebooks/1322,Public domain / CC0 dataset
S186,image_186,Walt Whitman,,Love & Separation,Romantic,"To crossing swords and gray hairs bared to heaven,
The clear electric base and baritone of the world,
The trombone duo, Libertad forever!
From Spanish chestnut trees’ dense shade,
By old and heavy convent walls a wailing song,
Song of lost love, the torch of youth and life quench’d in despair,
Song of the dying swan, Fernando’s heart is breaking.",https://www.gutenberg.org/ebooks/1322,Public domain / CC0 dataset
S187,image_187,Walt Whitman,Behold This Swarthy Face,Love & Separation,Romantic,"Behold this swarthy face, these gray eyes,
This beard, the white wool unclipt upon my neck,
My brown hands and the silent manner of me without charm;
Yet comes one a Manhattanese and ever at parting kisses me lightly
on the lips with robust love,
And I on the crossing of the street or on the ship’s deck give a
kiss in return,
We observe that salute of American comrades land and sea,
We are those two natural and nonchalant persons.",https://www.gutenberg.org/ebooks/1322,Public domain / CC0 dataset
S188,image_188,Walt Whitman,By Blue Ontario’s Shore,Love & Devotion,Romantic,"Underneath all is the Expression of love for men and women,
(I swear I have seen enough of mean and impotent modes of expressing
love for men and women,
After this day I take my own modes of expressing love for men and
women.) in myself,",https://www.gutenberg.org/ebooks/1322,Public domain / CC0 dataset
S189,image_189,Walt Whitman,Fast Anchor’d Eternal O Love!,Love & Separation,Romantic,"Fast-anchor’d eternal O love! O woman I love!
O bride! O wife! more resistless than I can tell, the thought of you!
Then separate, as disembodied or another born,
Ethereal, the last athletic reality, my consolation,
I ascend, I float in the regions of your love O man,
O sharer of my roving life.",https://www.gutenberg.org/ebooks/1322,Public domain / CC0 dataset
S190,image_190,Walt Whitman,I Dream’d in a Dream,Dream & Night,Romantic,"I dream’d in a dream I saw a city invincible to the attacks of the
whole of the rest of the earth,
I dream’d that was the new city of Friends,
Nothing was greater there than the quality of robust love, it led the rest,
It was seen every hour in the actions of the men of that city,
And in all their looks and words.",https://www.gutenberg.org/ebooks/1322,Public domain / CC0 dataset
S191,image_191,Walt Whitman,I Sing the Body Electric,Tender Reflection,Romantic,"Was it doubted that those who corrupt their own bodies conceal themselves?
And if those who defile the living are as bad as they who defile the dead?
And if the body does not do fully as much as the soul?
And if the body were not the soul, what is the soul?",https://www.gutenberg.org/ebooks/1322,Public domain / CC0 dataset
S192,image_192,Walt Whitman,I Sing the Body Electric,Tender Reflection,Romantic,"There is something in staying close to men and women and looking
on them, and in the contact and odor of them, that pleases the soul well,
All things please the soul, but these please the soul well.",https://www.gutenberg.org/ebooks/1322,Public domain / CC0 dataset
S193,image_193,Walt Whitman,O Captain! My Captain!,Love & Devotion,Romantic,"O Captain! my Captain! our fearful trip is done,
The ship has weather’d every rack, the prize we sought is won,
The port is near, the bells I hear, the people all exulting,
While follow eyes the steady keel, the vessel grim and daring;
But O heart! heart! heart!
O the bleeding drops of red,
Where on the deck my Captain lies,
Fallen cold and dead.",https://www.gutenberg.org/ebooks/1322,Public domain / CC0 dataset
S194,image_194,Walt Whitman,One Hour to Madness and Joy,Love & Separation,Romantic,"O something unprov’d! something in a trance!
To escape utterly from others’ anchors and holds!
To drive free! to love free! to dash reckless and dangerous!
To court destruction with taunts, with invitations!
To ascend, to leap to the heavens of the love indicated to me!
To rise thither with my inebriate soul!
To be lost if it must be so!
To feed the remainder of life with one hour of fulness and freedom!
With one brief hour of madness and joy.",https://www.gutenberg.org/ebooks/1322,Public domain / CC0 dataset
S195,image_195,Walt Whitman,Out of the Cradle Endlessly Rocking,Dream & Night,Romantic,"Shake out carols!
Solitary here, the night’s carols!
Carols of lonesome love! death’s carols!
Carols under that lagging, yellow, waning moon!
O under that moon where she droops almost down into the sea!
O reckless despairing carols.",https://www.gutenberg.org/ebooks/1322,Public domain / CC0 dataset
S196,image_196,Walt Whitman,Out of the Cradle Endlessly Rocking,Love & Separation,Romantic,"O you singer solitary, singing by yourself, projecting me,
O solitary me listening, never more shall I cease perpetuating you,
Never more shall I escape, never more the reverberations,
Never more the cries of unsatisfied love be absent from me,
Never again leave me to be the peaceful child I was before what
there in the night,
By the sea under the yellow and sagging moon,
The messenger there arous’d, the fire, the sweet hell within,
The unknown want, the destiny of me.",https://www.gutenberg.org/ebooks/1322,Public domain / CC0 dataset
S197,image_197,Walt Whitman,Song at Sunset,Tender Reflection,Romantic,"Open mouth of my soul uttering gladness,
Eyes of my soul seeing perfection,
Natural life of me faithfully praising things,
Corroborating forever the triumph of things.",https://www.gutenberg.org/ebooks/1322,Public domain / CC0 dataset
S198,image_198,William Blake,I dreamt a dream!  What can it mean?,Love & Separation,Romantic,"And I wept both night and day,
And he wiped my tears away;
And I wept both day and night,
And hid from him my heart’s delight.",https://www.gutenberg.org/ebooks/1934,Public domain / CC0 dataset
S199,image_199,William Wordsworth,,Love & Separation,Romantic,"Can I forget that miserable hour,
When from the last hill-top, my sire surveyed,
Peering above the trees, the steeple tower,
That on his marriage-day sweet music made?
Till then he hoped his bones might there be laid,
Close by my mother in their native bowers:
Bidding me trust in God, he stood and prayed,--
I could not pray:--through tears that fell in showers,
Glimmer’d our dear-loved home, alas! no longer ours!",https://www.gutenberg.org/ebooks/9622,Public domain / CC0 dataset
S200,image_200,William Wordsworth,,Love & Devotion,Romantic,"There was a youth whom I had loved so long,
That when I loved him not I cannot say.
’Mid the green mountains many and many a song
We two had sung, like little birds in May.
When we began to tire of childish play
We seemed still more and more to prize each other:
We talked of marriage and our marriage day;
And I in truth did love him like a brother,
For never could I hope to meet with such another.",https://www.gutenberg.org/ebooks/9622,Public domain / CC0 dataset
S201,image_201,William Wordsworth,,Love & Devotion,Romantic,"Love, now an universal birth.
From heart to heart is stealing,
From earth to man, from man to earth,
--It is the hour of feeling.",https://www.gutenberg.org/ebooks/9622,Public domain / CC0 dataset
S202,image_202,Christina Rossetti,BRIDE,Dream & Night,Romantic,"One moment, one more word,
While my heart beats still,
While my breath is stirred                                         40
By my fainting will.
O friend forsake me not,
Forget not as I forgot:
But keep thy heart for me,
Keep thy faith true and bright;
Through the lone cold winter night
Perhaps I may come to thee.",https://www.gutenberg.org/ebooks/16950,Public domain / CC0 dataset
S203,image_203,Christina Rossetti,In my Autumn garden I was fain,Beauty & Nature,Romantic,"Broad-faced asters by my garden walk,
You are but coarse compared with roses:
More choice, more dear that rosebud which uncloses
Faint-scented, pinched, upon its stalk,
That least and last which cold winds balk;
A rose it is though least and last of all,
A rose to me though at the fall.",https://www.gutenberg.org/ebooks/19188,Public domain / CC0 dataset
S204,image_204,Christina Rossetti,Like flowers sequestered from the sun,Love & Devotion,Romantic,"Fair image of her own fair youth,
As beautiful and as serene,
With almost such another love
As her own love has been.",https://www.gutenberg.org/ebooks/19188,Public domain / CC0 dataset
S205,image_205,Christina Rossetti,Like flowers sequestered from the sun,Love & Devotion,Romantic,"Yet, though of world-wide charity,
And in her home most tender dove,
Her treasure and her heart are stored
In the home-land of love.",https://www.gutenberg.org/ebooks/19188,Public domain / CC0 dataset
S206,image_206,Christina Rossetti,Like flowers sequestered from the sun,Love & Devotion,Romantic,"Yet, tho' of world-wide charity,
And in her home most tender dove,
Her treasure and her heart are stored
In the home-land of love:",https://www.gutenberg.org/ebooks/16950,Public domain / CC0 dataset
S207,image_207,Christina Rossetti,"Oh fair Milly Brandon, a young maid, a fair maid!",Beauty & Nature,Romantic,"""Nay, I have another rose sprung in another garden,
Another rose which sweetens all the world for me.
Be you a tenderer mistress and be you a warier warden
Of your rose, as sweet as mine, and full as fair to see.""",https://www.gutenberg.org/ebooks/19188,Public domain / CC0 dataset
S208,image_208,Christina Rossetti,"To come back from the sweet South, to the North",Love & Separation,Romantic,"But when our swallows fly back to the South,
To the sweet South, to the sweet South,
The tears may come again into my eyes
On the old wise,
And the sweet name to my mouth.",https://www.gutenberg.org/ebooks/19188,Public domain / CC0 dataset
S209,image_209,Christina Rossetti,[Two Robin Redbreasts are seen tapping with their beaks at,Dream & Night,Romantic,"Indeed I feel as if I came too soon
To round your young May moon
And set the world a-gasping at my noon.
Yet come I must. So here are strawberries
Sun-flushed and sweet, as many as you please;
And here are full-blown roses by the score,
More roses, and yet more.",https://www.gutenberg.org/ebooks/19188,Public domain / CC0 dataset
S210,image_210,Edgar Allan Poe,,Dream & Night,Romantic,"I replied—“This is nothing but dreaming:
Let us on by this tremulous light!
Let us bathe in this crystalline light!
Its Sibyllic splendour is beaming
With Hope and in Beauty to-night:—
See!—it flickers up the sky through the night!
Ah, we safely may trust to its gleaming,
And be sure it will lead us aright—
We safely may trust to a gleaming
That cannot but guide us aright,
Since it flickers up to Heaven through the night.”",https://www.gutenberg.org/ebooks/76996,Public domain / CC0 dataset
S211,image_211,Edgar Allan Poe,,Love & Separation,Romantic,"Of what in other worlds shall be—and given
In beauty by our God, to those alone
Who otherwise would fall from life and Heaven,
Drawn by their heart’s passion, and that tone,
That high tone of the spirit, which hath striven
Though not with Faith—with godliness—whose throne
With desperate energy ’t hath beaten down;
Wearing its own deep feeling as a crown.",https://www.gutenberg.org/ebooks/76996,Public domain / CC0 dataset
S212,image_212,Edgar Allan Poe,III,Love & Separation,Romantic,"_Pol._ Not hear it!—listen now—listen!—the faintest sound
And yet the sweetest that ear ever heard!
A lady’s voice!—and sorrow in the tone!
Baldazzar, it oppresses me like a spell!
Again!—again!—how solemnly it falls
Into my heart of hearts! that eloquent voice
Surely I never heard—yet it were well
Had I but heard it with its thrilling tones
In earlier days!",https://www.gutenberg.org/ebooks/76996,Public domain / CC0 dataset
S213,image_213,Edgar Allan Poe,Take this kiss upon the brow!,Dream & Night,Romantic,"And, in parting from you now,
Thus much let me avow—
You are not wrong, who deem
That my days have been a dream:
Yet if hope has flown away
In a night, or in a day,
In a vision, or in none,
Is it therefore the less _gone_?
_All_ that we see or seem
Is but a dream within a dream.",https://www.gutenberg.org/ebooks/76996,Public domain / CC0 dataset
S214,image_214,Edgar Allan Poe,Thank Heaven! the crisis—,Dream & Night,Romantic,"But my heart it is brighter
Than all of the many
Stars in the sky,
For it sparkles with Annie—
It glows with the light
Of the love of my Annie—
With the thought of the light
Of the eyes of my Annie.",https://www.gutenberg.org/ebooks/76996,Public domain / CC0 dataset
S215,image_215,Edgar Allan Poe,"The bowers whereat, in dreams, I see",Dream & Night,Romantic,"Thy heart—_thy_ heart!—I wake and sigh,
And sleep to dream till day
Of the truth that gold can never buy—
Of the baubles that it may.",https://www.gutenberg.org/ebooks/76996,Public domain / CC0 dataset
S216,image_216,Edna St. Vincent Millay,,Tender Reflection,Romantic,"Long have I known a glory in it all,
But never knew I this;
Here such a passion is
As stretcheth me apart,--Lord, I do fear
Thou'st made the world too beautiful this year;
My soul is all but out of me,--let fall
No burning leaf; prithee, let no bird call.",https://www.gutenberg.org/ebooks/109,Public domain / CC0 dataset
S217,image_217,Emily Dickinson,,Dream & Night,Romantic,"A poor torn heart, a tattered heart,
That sat it down to rest,
Nor noticed that the ebbing day
Flowed silver to the west,
Nor noticed night did soft descend
Nor constellation burn,
Intent upon the vision
Of latitudes unknown.",https://www.gutenberg.org/ebooks/2679,Public domain / CC0 dataset
S218,image_218,Emily Dickinson,,Dream & Night,Romantic,"Proud of my broken heart since thou didst break it,
Proud of the pain I did not feel till thee,
Proud of my night since thou with moons dost slake it,
Not to partake thy passion, my humility.",https://www.gutenberg.org/ebooks/12241,Public domain / CC0 dataset
S219,image_219,Gerard Manley Hopkins,36,Love & Separation,Romantic,"How to keep--is there any any, is there none such, nowhere
known some, bow or brooch or braid or brace, lace, latch
or catch or key to keep
Back beauty, keep it, beauty, beauty, beauty, . . . from vanishing
away?",https://www.gutenberg.org/ebooks/22403,Public domain / CC0 dataset
S220,image_220,Gerard Manley Hopkins,PART THE FIRST,Dream & Night,Romantic,"5
I kiss my hand
To the stars, lovely-asunder
Starlight, wafting him out of it; and
Glow, glory in thunder;
Kiss my hand to the dappled-with-damson west:
Since, tho' he is under the world's splendour and wonder,
His mystery must be instressed, stressed;
For I greet him the days I meet him, and bless when I understand.",https://www.gutenberg.org/ebooks/22403,Public domain / CC0 dataset
S221,image_221,Gerard Manley Hopkins,PART THE FIRST,Love & Devotion,Romantic,"9
Be adored among men,
God, three-numbered form;
Wring thy rebel, dogged in den,
Man's malice, with wrecking and storm.
Beyond saying sweet, past telling of tongue,
Thou art lightning and love, I found it, a winter and warm;
Father and fondler of heart thou hast wrung:
Hast thy dark descending and most art merciful then.",https://www.gutenberg.org/ebooks/22403,Public domain / CC0 dataset
S222,image_222,Gerard Manley Hopkins,PART THE SECOND,Dream & Night,Romantic,"17
They fought with God's cold--
And they could not and fell to the deck
(Crushed them) or water (and drowned them) or rolled
With the sea-romp over the wreck.
Night roared, with the heart-break hearing a heart-broke rabble,
The woman's wailing, the crying of child without check--
Till a lioness arose breasting the babble,
A prophetess towered in the tumult, a virginal tongue told.",https://www.gutenberg.org/ebooks/22403,Public domain / CC0 dataset
S223,image_223,Gerard Manley Hopkins,PART THE SECOND,Dream & Night,Romantic,"29
Ah! there was a heart right!
There was single eye!
Read the unshapeable shock night
And knew the who and the why;
Wording it how but by him that present and past,
Heaven and earth are word of, worded by?--
The Simon Peter of a soul! to the blast
Tarpeian-fast, but a blown beacon of light.",https://www.gutenberg.org/ebooks/22403,Public domain / CC0 dataset
S224,image_224,John Keats,,Dream & Night,Romantic,"These delicates he heap'd with glowing hand
On golden dishes and in baskets bright
Of wreathed silver: sumptuous they stand
In the retired quiet of the night,
Filling the chilly room with perfume light.--
""And now, my love, my seraph fair, awake!
Thou art my heaven, and I thine eremite:
Open thine eyes, for meek St. Agnes' sake,
Or I shall drowse beside thee, so my soul doth ache.""",https://www.gutenberg.org/ebooks/23684,Public domain / CC0 dataset
S225,image_225,John Keats,INTRODUCTION TO ISABELLA AND THE EVE OF ST. AGNES,Love & Devotion,Romantic,"In the delineation of Isabella, her first tender passion of love, her
agony of apprehension giving way to dull despair, her sudden wakening to
a brief period of frenzied action, described in stanzas of incomparable
dramatic force, and the 'peace' which followed when she",https://www.gutenberg.org/ebooks/23684,Public domain / CC0 dataset
S226,image_226,Percy Bysshe Shelley,"ned in all excellence, and grows",Dream & Night,Romantic,"The Body and the Soul united then,                                   _615
A gentle start convulsed Ianthe’s frame:
Her veiny eyelids quietly unclosed;
Moveless awhile the dark blue orbs remained:
She looked around in wonder and beheld
Henry, who kneeled in silence by her couch,                          _620
Watching her sleep with looks of speechless love,
And the bright beaming stars
That through the casement shone.",https://www.gutenberg.org/ebooks/4800,Public domain / CC0 dataset
S227,image_227,Robert Browning,EVELYN HOPE,Love & Devotion,Romantic,"I loved you, Evelyn, all the while!
My heart seemed full as it could hold;                                     50
There was place and to spare for the frank young smile,
And the red young mouth, and the hair's young gold.
So hush,--I will give you this leaf to keep:
See, I shut it inside the sweet cold hand!
There, that is our secret: go to sleep!
You will wake, and remember, and understand.",https://www.gutenberg.org/ebooks/16376,Public domain / CC0 dataset
S228,image_228,Sara Teasdale,When they see my songs,Love & Separation,Romantic,"They will sigh and say,
""Poor soul, wistful soul,
Lonely night and day.""",https://www.gutenberg.org/ebooks/591,Public domain / CC0 dataset
S229,image_229,Thomas Hardy,(“It being deposed that vij women who were mayds before he knew them have,Love & Separation,Romantic,"And Anne cries: “O the time was fair,
So wherefore should you burn down there?
There is a deed under the sun, my Love,
And that was ours.  What’s done is done, my Love.
These trumpets here in Heaven are dumb to me
With you away.  Dear, come, O come to me!”",https://www.gutenberg.org/ebooks/2997,Public domain / CC0 dataset
S230,image_230,Thomas Hardy,THEY had long met o’ Zundays—her true love and she—,Tender Reflection,Romantic,"Tim’s soul like a lion ’ithin en outsprung—
(Tim had a great soul when his feelings were wrung)—
“Feel for ’ee, dear Barbree?” he cried;
And his warm working-jacket about her he flung,
Made a back, horsed her up, till behind him she clung
Like a chiel on a gipsy, her figure uphung
By the sleeves that around her he tied.",https://www.gutenberg.org/ebooks/3167,Public domain / CC0 dataset
S231,image_231,Thomas Hardy,"’TWAS a death-bed summons, and forth I went",Love & Separation,Romantic,"A smarter grief within me wrought
Than even at loss of her so dear;
Dead the being whose soul my soul suffused,
Her child ill-used,
I helpless to interfere!",https://www.gutenberg.org/ebooks/3167,Public domain / CC0 dataset
S232,image_232,W. B. Yeats,,Dream & Night,Romantic,"We sat as silent as a stone,
We knew, though she'd not said a word,
That even the best of love must die,
And had been savagely undone
Were it not that love upon the cry
Of a most ridiculous little bird
Tore from the clouds his marvellous moon.",https://www.gutenberg.org/ebooks/36865,Public domain / CC0 dataset
S233,image_233,W. B. Yeats,,Love & Separation,Romantic,"She lived in storm and strife,
Her soul had such desire
For what proud death may bring
That it could not endure
The common good of life,
But lived as 'twere a king
That packed his marriage day
With banneret and pennon,
Trumpet and kettledrum,
And the outrageous cannon,
To bundle time away
That the night come.",https://www.gutenberg.org/ebooks/36865,Public domain / CC0 dataset
S234,image_234,W. B. Yeats,,Love & Separation,Romantic,"I cried when the moon was murmuring to the birds,
'Let peewit call and curlew cry where they will,
I long for your merry and tender and pitiful words,
For the roads are unending and there is no place to my mind.'
The honey-pale moon lay low on the sleepy hill
And I fell asleep upon lonely Echtge of streams;
No boughs have withered because of the wintry wind,
The boughs have withered because I have told them my dreams.",https://www.gutenberg.org/ebooks/30652,Public domain / CC0 dataset
S235,image_235,W. B. Yeats,,Love & Separation,Romantic,"She lived in storm and strife.
Her soul had such desire
For what proud death may bring
That it could not endure
The common good of life,
But lived as 'twere a king
That packed his marriage day
With banneret and pennon,
Trumpet and kettledrum,
And the outrageous cannon,
To bundle Time away
That the night come.",https://www.gutenberg.org/ebooks/30488,Public domain / CC0 dataset
S236,image_236,W. B. Yeats,"Argument. Baile and Aillinn were lovers, but",Love & Devotion,Romantic,"And poets found, old writers say,
A yew tree where his body lay,
But a wild apple hid the grass
With its sweet blossom where hers was;
And being in good heart, because
A better time had come again
After the deaths of many men,
And that long fighting at the ford,
They wrote on tablets of thin board,
Made of the apple and the yew,
All the love stories that they knew.",https://www.gutenberg.org/ebooks/30652,Public domain / CC0 dataset
S237,image_237,W. B. Yeats,Suddenly I saw the cold and rook delighting Heaven,Love & Separation,Romantic,"That seemed as though ice burned and was but the more ice,
And thereupon imagination and heart were driven
So wild, that every casual thought of that and this
Vanished, and left but memories, that should be out of season
With the hot blood of youth, of love crossed long ago;
And I took all the blame out of all sense and reason,
Until I cried and trembled and rocked to and fro,
Riddled with light. Ah! when the ghost begins to quicken,
Confusion of the death-bed over, is it sent
Out naked on the roads, as the books say, and stricken
By the injustice of the skies for punishment?",https://www.gutenberg.org/ebooks/30488,Public domain / CC0 dataset
S238,image_238,W. B. Yeats,Suddenly I saw the cold and rook-delighting Heaven,Love & Separation,Romantic,"That seemed as though ice burned and was but the more ice,
And thereupon imagination and heart were driven
So wild that every casual thought of that and this
Vanished, and left but memories, that should be out of season
With the hot blood of youth, of love crossed long ago;
And I took all the blame out of all sense and reason,
Until I cried and trembled and rocked to and fro,
Riddled with light. Ah! when the ghost begins to quicken,
Confusion of the death-bed over, is it sent
Out naked on the roads, as the books say, and stricken
By the injustice of the skies for punishment?",https://www.gutenberg.org/ebooks/36865,Public domain / CC0 dataset
S239,image_239,William Blake,,Love & Devotion,Romantic,"For Mercy, Pity, Peace, and Love,
Is God our Father dear;
And Mercy, Pity, Peace, and Love,
Is man, His child and care.",https://www.gutenberg.org/ebooks/1934,Public domain / CC0 dataset
S240,image_240,William Blake,,Love & Devotion,Romantic,"Children of the future age,
Reading this indignant page,
Know that in a former time
Love, sweet love, was thought a crime.",https://www.gutenberg.org/ebooks/1934,Public domain / CC0 dataset
S241,image_241,William Blake,A  SONG,Dream & Night,Romantic,"Sweet dreams, form a shade
O'er my lovely infant's head!
Sweet dreams of pleasant streams
By happy, silent, moony beams!",https://www.gutenberg.org/ebooks/574,Public domain / CC0 dataset
S242,image_242,William Blake,A  SONG,Dream & Night,Romantic,"Sweet smiles, in the night
Hover over my delight!
Sweet smiles, mother's smile,
All the livelong night beguile.",https://www.gutenberg.org/ebooks/574,Public domain / CC0 dataset
S243,image_243,William Blake,A LITTLE GIRL LOST,Love & Devotion,Romantic,"Children of the future age,
Reading this indignant page,
Know that in a former time
Love, sweet love, was thought a crime.",https://www.gutenberg.org/ebooks/574,Public domain / CC0 dataset
S244,image_244,William Blake,DIVINE IMAGE,Love & Devotion,Romantic,"For Mercy, Pity, Peace, and Love,
Is God our Father dear;
And Mercy, Pity, Peace, and Love,
Is man, his child and care.",https://www.gutenberg.org/ebooks/574,Public domain / CC0 dataset
S245,image_245,William Blake,"Sweet dreams, form a shade",Dream & Night,Romantic,"Sweet smiles, in the night
Hover over my delight!
Sweet smiles, mother’s smiles,
All the livelong night beguiles.",https://www.gutenberg.org/ebooks/1934,Public domain / CC0 dataset
S246,image_246,Edgar Allan Poe,,Love & Separation,Romantic,"And I said—“She is warmer than Dian:
She rolls through an ether of sighs—
She revels in a region of sighs:
She has seen that the tears are not dry on
These cheeks, where the worm never dies,
And has come past the stars of the Lion
To point us the path to the skies—
To the Lethean peace of the skies—
Come up, in despite of the Lion,
To shine on us with her bright eyes—
Come up through the lair of the Lion,
With love in her luminous eyes.”",https://www.gutenberg.org/ebooks/76996,Public domain / CC0 dataset
S247,image_247,Edgar Allan Poe,BELOVED! amid the earnest woes,Love & Separation,Romantic,"That crowd around my earthly path—
(Drear path, alas! where grows
Not even one lonely rose)—
My soul at least a solace hath
In dreams of thee, and therein knows
An Eden of bland repose.",https://www.gutenberg.org/ebooks/76996,Public domain / CC0 dataset
S248,image_248,Edgar Allan Poe,I heed not that my earthly lot,Love & Separation,Romantic,"Hath little of Earth in it,
That years of love have been forgot
In the hatred of a minute:—
I mourn not that the desolate
Are happier, sweet, than I,
But that _you_ sorrow for _my_ fate
Who am a passer-by.",https://www.gutenberg.org/ebooks/76996,Public domain / CC0 dataset
S249,image_249,Edgar Allan Poe,Kind solace in a dying hour!,Dream & Night,Romantic,"I was ambitious—have you known
The passion, father? You have not:
A cottager, I marked a throne
Of half the world as all my own,
And murmured at such lowly lot;
But, just like any other dream,
Upon the vapour of the dew
My own had past, did not the beam
Of beauty which did while it thro’
The minute—the hour—the day—oppress
My mind with double loveliness.",https://www.gutenberg.org/ebooks/76996,Public domain / CC0 dataset
S250,image_250,Edna St. Vincent Millay,"I said,--for Love was laggard, O, Love was slow to come,--",Love & Separation,Romantic,"""I'll hear his step and know his step when I am warm in bed;
But I'll never leave my pillow, though there be some
As would let him in--and take him in with tears!"" I said.
I lay,--for Love was laggard, O, he came not until dawn,--
I lay and listened for his step and could not get to sleep;
And he found me at my window with my big cloak on,
All sorry with the tears some folks might weep!",https://www.gutenberg.org/ebooks/109,Public domain / CC0 dataset
S251,image_251,Edwin Arlington Robinson,"Though the sick beast infect us, we are fraught",Dream & Night,Romantic,"Forever with indissoluble Truth,
Wherein redress reveals itself divine,
Transitional, transcendent.  Grief and loss,
Disease and desolation, are the dreams
Of wasted excellence; and every dream
Has in it something of an ageless fact
That flouts deformity and laughs at years.",https://www.gutenberg.org/ebooks/313,Public domain / CC0 dataset
S252,image_252,Emily Dickinson,,Love & Separation,Romantic,"We cover thee, sweet face.
Not that we tire of thee,
But that thyself fatigue of us;
Remember, as thou flee,
We follow thee until
Thou notice us no more,
And then, reluctant, turn away
To con thee o'er and o'er,
And blame the scanty love
We were content to show,
Augmented, sweet, a hundred fold
If thou would'st take it now.",https://www.gutenberg.org/ebooks/12241,Public domain / CC0 dataset
S253,image_253,Gerard Manley Hopkins,,Dream & Night,Romantic,"Had she a quince in hand? Yet gaze:
Rather it is the sizing moon.
Lo, linked heavens with milky ways!
That was her larkspur row.--So soon?
Sphered so fast, sweet soul?--We see
Nor fruit, nor flowers, nor Dorothy.",https://www.gutenberg.org/ebooks/22403,Public domain / CC0 dataset
S254,image_254,Gerard Manley Hopkins,23,Love & Devotion,Romantic,"There! and your sweetest sendings, ah divine,
By it, heavens, befall him! as a heart Christ's darling,
dauntless;
Tongue true, vaunt- and tauntless;
Breathing bloom of a chastity in mansex fine.",https://www.gutenberg.org/ebooks/22403,Public domain / CC0 dataset
S255,image_255,Gerard Manley Hopkins,29,Love & Separation,Romantic,"This seeing the sick endears them to us, us too it endears.
My tongue had taught thee comfort, touch had quenched thy tears,
Thy tears that touched my heart, child, Felix, poor Felix Randal;",https://www.gutenberg.org/ebooks/22403,Public domain / CC0 dataset
S256,image_256,Gerard Manley Hopkins,35,Love & Devotion,Romantic,"EARTH, sweet Earth, sweet landscape, with leaves throng
And louched low grass, heaven that dost appeal
To, with no tongue to plead, no heart to feel;
That canst but only be, but dost that long--",https://www.gutenberg.org/ebooks/22403,Public domain / CC0 dataset
S257,image_257,Gerard Manley Hopkins,35,Love & Devotion,Romantic,"And what is Earth's eye, tongue, or heart else, where
Else, but in dear and dogged man?--Ah, the heir
To his own selfbent so bound, so tied to his turn,
To thriftless reave both our rich round world bare
And none reck of world after, this bids wear
Earth brows of such care, care and dear concern.",https://www.gutenberg.org/ebooks/22403,Public domain / CC0 dataset
S258,image_258,Gerard Manley Hopkins,PART THE SECOND,Love & Separation,Romantic,"18
Ah, touched in your bower of bone
Are you! turned for an exquisite smart,
Have you! make words break from me here all alone,
Do you!--mother of being in me, heart.
O unteachably after evil, but uttering truth,
Why, tears! is it? tears; such a melting, a madrigal start!
Never-eldering revel and river of youth,
What can it be, this glee? the good you have there of your own?",https://www.gutenberg.org/ebooks/22403,Public domain / CC0 dataset
S259,image_259,Robert Browning,A PRETTY WOMAN,Love & Devotion,Romantic,"May not liking be so simple-sweet,
If love grew there
'Twould undo there
All that breaks the cheek to dimples sweet?",https://www.gutenberg.org/ebooks/16376,Public domain / CC0 dataset
S260,image_260,Robert Browning,CONFESSIONS,Beauty & Nature,Romantic,"And stood by the rose-wreathed gate. Alas,
We loved, sir--used to meet;
How sad and bad and mad it was--
But then, how it was sweet!",https://www.gutenberg.org/ebooks/16376,Public domain / CC0 dataset
S261,image_261,Robert Browning,FEARS AND SCRUPLES,Dream & Night,Romantic,"Here's my case. Of old I used to love him.
This same unseen friend, before I knew:
Dream there was none like him, none above him,--
Wake to hope and trust my dream was true.",https://www.gutenberg.org/ebooks/16376,Public domain / CC0 dataset
S262,image_262,Thomas Hardy,(“It being deposed that vij women who were mayds before he knew them have,Love & Devotion,Romantic,"Says Patience: “Why are we apart?
Small harm did you, my poor Sweet Heart!
A manchild born, now tall and beautiful,
Was worth the ache of days undutiful.”",https://www.gutenberg.org/ebooks/2997,Public domain / CC0 dataset
S263,image_263,Thomas Hardy,INDULGE no more may we,Love & Devotion,Romantic,"In this sweet-bitter pastime:
The love-light shines the last time
Between you, Dear, and me.",https://www.gutenberg.org/ebooks/2997,Public domain / CC0 dataset
S264,image_264,Thomas Hardy,"SHE sought the Studios, beckoning to her side",Dream & Night,Romantic,"“Then frame,” she cried, “wide fronts of crystal glass,
That I may show my laughter and my light—
Light like the sun’s by day, the stars’ by night—
Till rival heart-queens, envying, wail, ‘Alas,
Her glory!’ as they pass.”",https://www.gutenberg.org/ebooks/3167,Public domain / CC0 dataset
S265,image_265,Thomas Hardy,TO Jenny came a gentle youth,Dream & Night,Romantic,"Time wore to six.  Her husband rose
And struck the steel and stone;
He glanced at Jenny, whose repose
Seemed deeper than his own.
With dumb dismay, on closer sight,
He gathered sense that in the night,
Or morn, her soul had flown.",https://www.gutenberg.org/ebooks/3167,Public domain / CC0 dataset
S266,image_266,W. B. Yeats,,Love & Devotion,Romantic,"How should the world be luckier if this house,
Where passion and precision have been one
Time out of mind, became too ruinous
To breed the lidless eye that loves the sun?
And the sweet laughing eagle thoughts that grow
Where wings have memory of wings, and all
That comes of the best knit to the best? Although
Mean roof-trees were the sturdier for its fall,
How should their luck run high enough to reach
The gifts that govern men, and after these
To gradual Time's last gift, a written speech
Wrought of high laughter, loveliness and ease?",https://www.gutenberg.org/ebooks/36865,Public domain / CC0 dataset
S267,image_267,W. B. Yeats,"Argument. Baile and Aillinn were lovers, but",Beauty & Nature,Romantic,"Let rush and bird cry out their fill
Of the harper's daughter if they will,
Beloved, I am not afraid of her
She is not wiser nor lovelier,
And you are more high of heart than she
For all her wanderings over-sea;
But I'd have bird and rush forget
Those other two, for never yet
Has lover lived but longed to wive
Like them that are no more alive.",https://www.gutenberg.org/ebooks/30652,Public domain / CC0 dataset
S268,image_268,W. B. Yeats,"Pupils come in and stand before the stage curtain, which is still",Dream & Night,Romantic,"Last night I dreamt that some one came and told me to question him.
I was to say to him, 'You were wrong to say there is no God and no
soul--maybe, if there is not much of either, there is yet some tatters,
some tag on the wind--so to speak--some rag upon a bush, some bob-tail
of a god.' I will argue with him,--nonsense though it be--according to
my dream, and you will see how well I can argue, and what thoughts I have.",https://www.gutenberg.org/ebooks/36865,Public domain / CC0 dataset
S269,image_269,William Blake,,Love & Separation,Romantic,"The daughter of beauty wip'd her pitying tears with her white veil,
And said, Alas!  I knew not this, and therefore did I weep:
That God would love a Worm I knew, and punish the evil foot
That wilful bruis'd its helpless form: but that he cherish'd it
With milk and oil I never knew, and therefore did I weep,
And I complaind in the mild air, because I fade away.
And lay me down in thy cold bed, and leave my shining lot.",https://www.gutenberg.org/ebooks/574,Public domain / CC0 dataset
S270,image_270,William Blake,,Beauty & Nature,Romantic,"The modest Rose puts forth a thorn,
The humble sheep a threat’ning horn:
While the Lily white shall in love delight,
Nor a thorn nor a threat stain her beauty bright.",https://www.gutenberg.org/ebooks/1934,Public domain / CC0 dataset
S271,image_271,William Blake,THE LILY,Beauty & Nature,Romantic,"The modest Rose puts forth a thorn,
The humble sheep a threat'ning horn:
While the Lily white shall in love delight,
Nor a thorn nor a threat stain her beauty bright.",https://www.gutenberg.org/ebooks/574,Public domain / CC0 dataset
S272,image_272,William Wordsworth,And this place our forefathers made for man!,Love & Separation,Romantic,"With other ministrations thou, O nature!
Healest thy wandering and distempered child:
Thou pourest on him thy soft influences,
Thy sunny hues, fair forms, and breathing sweets,
Thy melodies of woods, and winds, and waters,
Till he relent, and can no more endure
To be a jarring and a dissonant thing,
Amid this general dance and minstrelsy;
But, bursting into tears, wins back his way,
His angry spirit healed and harmonized
By the benignant touch of love and beauty.",https://www.gutenberg.org/ebooks/9622,Public domain / CC0 dataset
S273,image_273,Edgar Allan Poe,How shall the burial rite be read?,Love & Devotion,Romantic,"They loved her for her wealth—
And they hated her for her pride—
But she grew in feeble health,
And they _love_ her—that she died.",https://www.gutenberg.org/ebooks/76996,Public domain / CC0 dataset
S274,image_274,Edgar Allan Poe,I dwelt alone,Dream & Night,Romantic,"Ah, less—less bright
The stars of the night
Than the eyes of the radiant girl!
And never a flake
That the vapour can make
With the moon-tints of purple and pearl,
Can vie with the modest Eulalie’s most unregarded curl—
Can compare with the bright-eyed Eulalie’s most humble and careless curl.",https://www.gutenberg.org/ebooks/76996,Public domain / CC0 dataset
S275,image_275,Edgar Allan Poe,III,Love & Separation,Romantic,"_Voice_ (_more loudly_). “Is it so strong
As for to leave me thus,
That have loved thee so long,
In wealth and woe among?
And is thy heart so strong
As for to leave me thus?
Say nay! say nay!”",https://www.gutenberg.org/ebooks/76996,Public domain / CC0 dataset
S276,image_276,Edgar Allan Poe,III,Love & Devotion,Romantic,"_Voice_ (_distinctly_). “Who have loved thee so long,
In wealth and woe among,
And is thy heart so strong?
Say nay! say nay!”",https://www.gutenberg.org/ebooks/76996,Public domain / CC0 dataset
S277,image_277,Edgar Allan Poe,IV,Love & Devotion,Romantic,"_Lalage._ And dost thou speak of love
To _me_, Politian?—dost thou speak of love
To Lalage?—ah woe—ah woe is me!
This mockery is most cruel—most cruel indeed!",https://www.gutenberg.org/ebooks/76996,Public domain / CC0 dataset
S278,image_278,Edgar Allan Poe,IV,Love & Devotion,Romantic,"_Lal._                                  Now, Earl of Leicester!
Thou _lovest_ me, and in my heart of hearts
I feel thou lovest me truly.",https://www.gutenberg.org/ebooks/76996,Public domain / CC0 dataset
S279,image_279,Edgar Allan Poe,In spring of youth it was my lot,Love & Devotion,Romantic,"Yet that terror was not fright,
But a tremulous delight—
A feeling not the jewelled mine
Could teach or bribe me to define—
Nor Love—although the Love were thine.",https://www.gutenberg.org/ebooks/76996,Public domain / CC0 dataset
S280,image_280,Edgar Allan Poe,It was many and many a year ago,Beauty & Nature,Romantic,"In a kingdom by the sea,
That a maiden there lived whom you may know
By the name of ANNABEL LEE;
And this maiden she lived with no other thought
Than to love and be loved by me.",https://www.gutenberg.org/ebooks/76996,Public domain / CC0 dataset
S281,image_281,Edgar Allan Poe,Kind solace in a dying hour!,Love & Devotion,Romantic,"My passions, from that hapless hour,
Usurped a tyranny which men
Have deemed since I have reached to power,
My innate nature—be it so:
But, father, there lived one who, then,
Then—in my boyhood—when their fire
Burned with a still intenser glow
(For passion must, with youth, expire)
E’en _then_ who knew this iron heart
In woman’s weakness had a part.",https://www.gutenberg.org/ebooks/76996,Public domain / CC0 dataset
S282,image_282,Edgar Allan Poe,Kind solace in a dying hour!,Dream & Night,Romantic,"What tho’ the moon—the white moon
Shed all the splendour of her noon?
Her smile is chilly—and her beam,
In that time of dreariness, will seem
(So like you gather in your breath)
A portrait taken after death.
And boyhood is a summer sun
Whose waning is the dreariest one—
For all we live to know is known,
And all we seek to keep hath flown.
Let life, then, as the day-flower, fall
With the noon-day beauty—which is all.",https://www.gutenberg.org/ebooks/76996,Public domain / CC0 dataset
S283,image_283,Edgar Allan Poe,Thank Heaven! the crisis—,Love & Devotion,Romantic,"And I lie so composedly,
Now in my bed,
(Knowing her love)
That you fancy me dead—
And I rest so contentedly,
Now in my bed,
(With her love at my breast)
That you fancy me dead—
That you shudder to look at me,
Thinking me dead.",https://www.gutenberg.org/ebooks/76996,Public domain / CC0 dataset
S284,image_284,Edgar Allan Poe,Type of the antique Rome! Rich reliquary,Dream & Night,Romantic,"Vastness! and Age! and Memories of Eld!
Silence! and Desolation! and dim Night!
I feel ye now—I feel ye in your strength—
O spells more sure than e’er Judæan king
Taught in the gardens of Gethsemane!
O charms more potent than the rapt Chaldee
Ever drew down from out the quiet stars!",https://www.gutenberg.org/ebooks/76996,Public domain / CC0 dataset
S285,image_285,Edna St. Vincent Millay,,Love & Separation,Romantic,"Love has gone and left me,--and the neighbors knock and borrow,
And life goes on forever like the gnawing of a mouse,--
And to-morrow and to-morrow and to-morrow and to-morrow
There's this little street and this little house.",https://www.gutenberg.org/ebooks/109,Public domain / CC0 dataset
S286,image_286,Edwin Arlington Robinson,,Tender Reflection,Romantic,"If there be nothing, good or bad,
But chaos for a soul to trust, --
God counts it for a soul gone mad,
And if God be God, He is just.",https://www.gutenberg.org/ebooks/313,Public domain / CC0 dataset
S287,image_287,Edwin Arlington Robinson,,Tender Reflection,Romantic,"A melancholy face Charles Carville had,
But not so melancholy as it seemed, --
When once you knew him, -- for his mouth redeemed
His insufficient eyes, forever sad:
In them there was no life-glimpse, good or bad, --
Nor joy nor passion in them ever gleamed;
His mouth was all of him that ever beamed,
His eyes were sorry, but his mouth was glad.",https://www.gutenberg.org/ebooks/313,Public domain / CC0 dataset
S288,image_288,Edwin Arlington Robinson,,Love & Separation,Romantic,"O shades of you that loved him long before
The cruel threads of that black sail were spun,
May loyal arms and ancient welcomings
Receive him once again
Who now no longer moves
Here in this flickering dance of changing days,
Where a battle is lost and won for a withered wreath,
And the black master Death is over all,
To chill with his approach,
To level with his touch,
The reigning strength of youth,
The fluttered heart of age.",https://www.gutenberg.org/ebooks/313,Public domain / CC0 dataset
S289,image_289,Edwin Arlington Robinson,We lack the courage to be where we are: --,Dream & Night,Romantic,"We love too much to travel on old roads,
To triumph on old fields; we love too much
To consecrate the magic of dead things,
And yieldingly to linger by long walls
Of ruin, where the ruinous moonlight
That sheds a lying glory on old stones
Befriends us with a wizard's enmity.",https://www.gutenberg.org/ebooks/313,Public domain / CC0 dataset
S290,image_290,Edwin Arlington Robinson,When we shall hear no more the cradle-songs,Love & Devotion,Romantic,"Of ages -- when the timeless hymns of Love
Defeat them and outsound them -- we shall know
The rapture of that large release which all
Right science comprehends; and we shall read,
With unoppressed and unoffended eyes,
That record of All-Soul whereon God writes
In everlasting runes the truth of Him.",https://www.gutenberg.org/ebooks/313,Public domain / CC0 dataset
S291,image_291,Elizabeth Barrett Browning,"Belovëd, thou hast brought me many flowers",Love & Separation,Romantic,"Plucked in the garden, all the summer through,
And winter, and it seemed as if they grew
In this close room, nor missed the sun and showers.
So, in the like name of that love of ours,
Take back these thoughts which here unfolded too,
And which on warm and cold days I withdrew
From my heart’s ground.  Inde",https://www.gutenberg.org/ebooks/2002,Public domain / CC0 dataset
S292,image_292,Emily Dickinson,,Love & Devotion,Romantic,"Nor had I time to love; but since
Some industry must be,
The little toil of love, I thought,
Was large enough for me.",https://www.gutenberg.org/ebooks/2678,Public domain / CC0 dataset
S293,image_293,Gerard Manley Hopkins,14,Love & Devotion,Romantic,"I walk, I lift up, I lift up heart, eyes,
Down all that glory in the heavens to glean our
Saviour;
And, eyes, heart, what looks, what lips yet gave you a
Rapturous love's greeting of realer, of rounder replies?",https://www.gutenberg.org/ebooks/22403,Public domain / CC0 dataset
S294,image_294,Gerard Manley Hopkins,39,Love & Devotion,Romantic,"Mark Christ our King. He knows war, served this soldiering
through;
He of all can handle a rope best. There he bides in bliss
Now, and seeing somewhere some man do all that man can do,
For love he leans forth, needs his neck must fall on, kiss,
And cry 'O Christ-done deed! So God-made-flesh does too:
Were I come o'er again' cries Christ 'it should be this'.",https://www.gutenberg.org/ebooks/22403,Public domain / CC0 dataset
S295,image_295,Gerard Manley Hopkins,44,Love & Separation,Romantic,"I am in Ireland now; now I am at a third
Remove. Not but in all removes I can
Kind love both give and get. Only what word
Wisest my heart breeds dark heaven's baffling ban
Bars or hell's spell thwarts. This to hoard unheard,
Heard unheeded, leaves me a lonely began.",https://www.gutenberg.org/ebooks/22403,Public domain / CC0 dataset
S296,image_296,Gerard Manley Hopkins,PART THE FIRST,Love & Devotion,Romantic,"7
It dates from day
Of his going in Galilee;
Warm-laid grave of a womb-life grey;
Manger, maiden's knee;
The dense and the driven Passion, and frightful sweat;
Thence the discharge of it, there its swelling to be,
Though felt before, though in high flood yet--
What none would have known of it, only the heart, being hard at bay,",https://www.gutenberg.org/ebooks/22403,Public domain / CC0 dataset
S297,image_297,Gerard Manley Hopkins,PART THE SECOND,Longing & Separation,Romantic,"27
No, but it was not these.
The jading and jar of the cart,
Time's tasking, it is fathers that asking for ease
Of the sodden-with-its-sorrowing heart,
Not danger, electrical horror; then further it finds
The appealing of the Passion is tenderer in prayer apart:
Other, I gather, in measure her mind's
Burden, in wind's burly and beat of endragoned seas.",https://www.gutenberg.org/ebooks/22403,Public domain / CC0 dataset
S298,image_298,Gerard Manley Hopkins,PART THE SECOND,Love & Devotion,Romantic,"33
With a mercy that outrides
The all of water, an ark
For the listener; for the lingerer with a love glides
Lower than death and the dark;
A vein for the visiting of the past-prayer, pent in prison,
The-last-breath penitent spirits--the uttermost mark
Our passion-plunged giant risen,
The Christ of the Father compassionate, fetched in the storm of
his strides.",https://www.gutenberg.org/ebooks/22403,Public domain / CC0 dataset
S299,image_299,John Keats,INTRODUCTION TO ISABELLA AND THE EVE OF ST. AGNES,Love & Devotion,Romantic,"Thus we see that the main incident of the story, the murder of Lorenzo,
is passed over in a line--'Thus was Lorenzo slain and buried in,' the
next line, 'There, in that forest, did his great love cease,' bringing
us back at once from the physical reality of the murder to the thought
of his love, which is to Keats the central fact of the story.",https://www.gutenberg.org/ebooks/23684,Public domain / CC0 dataset
S300,image_300,Percy Bysshe Shelley,"16. GHASTA OR, THE AVENGING DEMON!!!",Love & Devotion,Romantic,"‘Now I claim thee as my love,
Lay aside all chilling fear,                                         _90
My affection will I prove,
Where sheeted ghosts and spectres are!",https://www.gutenberg.org/ebooks/4800,Public domain / CC0 dataset
S301,image_301,Percy Bysshe Shelley,FRAGMENT: SUPPOSED TO BE AN EPITHALAMIUM OF FRANCIS RAVAILLAC,Love & Separation,Romantic,"Congenial minds will seek their kindred soul,
E’en though the tide of time has rolled between;
They mock weak matter’s impotent control,
And seek of endless life the eternal scene.                          _45
At death’s vain summons THIS will never die,
In Nature’s chaos THIS will not decay—
These are the bands which closely, warmly, tie
Thy soul, O Charlotte, ‘yond this chain of clay,
To him who thine must be till time shall fade away.                  _50",https://www.gutenberg.org/ebooks/4800,Public domain / CC0 dataset
S302,image_302,Percy Bysshe Shelley,FRAGMENT: SUPPOSED TO BE AN EPITHALAMIUM OF FRANCIS RAVAILLAC,Love & Devotion,Romantic,"And if any soft passion be near,
Which mortals, frail mortals, can know,
Let love shed on the bosom a tear,                                   _80
And dissolve the chill ice-drop of woe.",https://www.gutenberg.org/ebooks/4800,Public domain / CC0 dataset
S303,image_303,Percy Bysshe Shelley,MARENGHI. (This fragment refers to an event told in Sismondi’s,Beauty & Nature,Romantic,"10.
The sweetest flowers are ever frail and rare,
And love and freedom blossom but to wither;
And good and ill like vines entangled are,
So that their grapes may oft be plucked together;—                  _50
Divide the vintage ere thou drink, then make
Thy heart rejoice for dead Marenghi’s sake.",https://www.gutenberg.org/ebooks/4800,Public domain / CC0 dataset
S304,image_304,Percy Bysshe Shelley,MARENGHI. (This fragment refers to an event told in Sismondi’s,Dream & Night,Romantic,"20.
And the marsh-meteors, like tame beasts, at night
Came licking with blue tongues his veined feet;
And he would watch them, as, like spirits bright,
In many entangled figures quaint and sweet                           _115
To some enchanted music they would dance—
Until they vanished at the first moon-glance.",https://www.gutenberg.org/ebooks/4800,Public domain / CC0 dataset
S305,image_305,Robert Browning,A TALE,Love & Separation,Romantic,"All was lost, then! No! a cricket
(What ""cicada""? Pooh!)
--Some mad thing that left its thicket
For mere love of music--flew                                               40
With its little heart on fire,
Lighted on the crippled lyre.",https://www.gutenberg.org/ebooks/16376,Public domain / CC0 dataset
S306,image_306,Robert Browning,A TALE,Love & Separation,Romantic,"""Had not a kind cricket fluttered,
Perched upon the place
Vacant left, and duly uttered
'Love, Love, Love,' whene'er the bass                                    100
Asked the treble to atone
For its somewhat sombre drone.""",https://www.gutenberg.org/ebooks/16376,Public domain / CC0 dataset
S307,image_307,Robert Browning,A WALL,Love & Separation,Romantic,"Wall upon wall are between us: life
And song should away from heart to heart!
I--prison-bird, with a ruddy strife
At breast, and a lip whence storm-notes start--                            20",https://www.gutenberg.org/ebooks/16376,Public domain / CC0 dataset
S308,image_308,Robert Browning,A WOMAN'S LAST WORD,Love & Devotion,Romantic,"Let's contend no more, Love,
Strive nor weep:
All be as before, Love,
--Only sleep!",https://www.gutenberg.org/ebooks/16376,Public domain / CC0 dataset
S309,image_309,Robert Browning,A WOMAN'S LAST WORD,Love & Devotion,Romantic,"Teach me, only teach, Love!
As I ought
I will speak thy speech, Love,
Think thy thought--",https://www.gutenberg.org/ebooks/16376,Public domain / CC0 dataset
S310,image_310,Robert Browning,"EPILOGUE TO ""ASOLANDO""",Dream & Night,Romantic,"At the midnight in the silence of the sleep-time,
When you set your fancies free,
Will they pass to where--by death, fools think, imprisoned--
Low he lies who once so loved you whom you loved so,
--Pity me?",https://www.gutenberg.org/ebooks/16376,Public domain / CC0 dataset
S311,image_311,Robert Browning,"EPILOGUE TO ""ASOLANDO""",Love & Devotion,Romantic,"Oh to love so, be so loved, yet so mistaken!
What had I on earth to do
With the slothful, with the mawkish, the unmanly?
Like the aimless, helpless, hopeless, did I drivel
--Being--who?                                                      10",https://www.gutenberg.org/ebooks/16376,Public domain / CC0 dataset
S312,image_312,Robert Browning,EVELYN HOPE,Love & Devotion,Romantic,"No, indeed! for God above
Is great to grant, as mighty to make,
And creates the love to reward the love:
I claim you still, for my own love's sake!
Delayed it may be for more lives yet,
Thro' worlds I shall traverse, not a few:                                  30
Much is to learn, much, to forget
Ere the time be come for taking you.",https://www.gutenberg.org/ebooks/16376,Public domain / CC0 dataset
S313,image_313,Robert Browning,LOVE AMONG THE RUINS,Beauty & Nature,Romantic,"In one year they sent a million fighters forth
South and North,
And they built their gods a brazen pillar high
As the sky,
Yet reserved a thousand chariots in full force--
Gold, of course.
Oh heart! oh blood that freezes, blood that burns!
Earth's returns                                                          80
For whole centuries of folly, noise, and sin!
Shut them in,
With their triumphs and their glories and the rest!
Love is best.",https://www.gutenberg.org/ebooks/16376,Public domain / CC0 dataset
S314,image_314,Robert Browning,MISCONCEPTIONS,Love & Devotion,Romantic,"This is a heart the Queen leant on,
Thrilled in a minute erratic,
Ere the true bosom she bent on,                                              10
Meet for love's regal dalmatic. deg.                                           deg.11
Oh, what a fancy ecstatic
Was the poor heart's, ere the wanderer went on--
Love to be saved for it, proffered to, spent on!",https://www.gutenberg.org/ebooks/16376,Public domain / CC0 dataset
S315,image_315,Robert Browning,MY STAR,Beauty & Nature,Romantic,"Then it stops like a bird; like a flower, hangs furled:                      10
They must solace themselves with the Saturn deg. above it.                       deg.11
What matter to me if their star is a world?
Mine has opened its soul to me; therefore I love it.",https://www.gutenberg.org/ebooks/16376,Public domain / CC0 dataset
S316,image_316,Robert Browning,ONE WORD MORE,Love & Devotion,Romantic,"There they are, my fifty men and women
Naming me the fifty poems finished!
Take them, Love, the book and me together;
Where the heart lies, let the brain lie also.",https://www.gutenberg.org/ebooks/16376,Public domain / CC0 dataset
S317,image_317,Robert Browning,RABBI BEN EZRA,Tender Reflection,Romantic,"What is he but a brute
Whose flesh has soul to suit,
Whose spirit works lest arms and legs want play?
To man, propose this test--
Thy body at its best,
How far can that project thy soul on its lone way?",https://www.gutenberg.org/ebooks/16376,Public domain / CC0 dataset
S318,image_318,Robert Browning,RABBI BEN EZRA,Tender Reflection,Romantic,"Let us not always say,
""Spite of this flesh to-day
I strove, made head, gained ground upon the whole!""
As the bird wings and sings,                                                 70
Let us cry ""All good things
Are ours, nor soul helps flesh more, now, than flesh helps soul!""",https://www.gutenberg.org/ebooks/16376,Public domain / CC0 dataset
S319,image_319,Robert Browning,RABBI BEN EZRA,Love & Devotion,Romantic,"Now, who shall arbitrate?
Ten men love what I hate,
Shun what I follow, slight what I receive;
Ten, who in ears and eyes                                                   130
Match me: we all surmise,
They, this thing, and I, that: whom shall my soul believe?",https://www.gutenberg.org/ebooks/16376,Public domain / CC0 dataset
S320,image_320,Robert Browning,VII,Love & Separation,Romantic,"You and I will never see that picture.
While he mused on love and Beatrice,
While he softened o'er his outlined angel,
In they broke, those ""people of importance"":
We and Bice deg. bear the loss forever.                                          deg.57",https://www.gutenberg.org/ebooks/16376,Public domain / CC0 dataset
S321,image_321,Sara Teasdale,"I said, ""I have shut my heart",Love & Devotion,Romantic,"My room was white with the sun
And Love cried out in me,
""I am strong, I will break your heart
Unless you set me free.""",https://www.gutenberg.org/ebooks/442,Public domain / CC0 dataset
S322,image_322,Sara Teasdale,If you have forgotten water lilies floating,Love & Separation,Romantic,"But if you remember, then turn away forever
To the plains and the prairies where pools are far apart,
There you will not come at dusk on closing water lilies,
And the shadow of mountains will not fall on your heart.",https://www.gutenberg.org/ebooks/591,Public domain / CC0 dataset
S323,image_323,Sara Teasdale,In my heart the old love,Love & Devotion,Romantic,"Old love, old love,
How can I be true?
Shall I be faithless to myself
Or to you?",https://www.gutenberg.org/ebooks/442,Public domain / CC0 dataset
S324,image_324,Sara Teasdale,"Oh, because you never tried",Love & Devotion,Romantic,"To bow my will or break my pride,
And nothing of the cave-man made
You want to keep me half afraid,
Nor ever with a conquering air
You thought to draw me unaware--
Take me, for I love you more
Than I ever loved before.",https://www.gutenberg.org/ebooks/442,Public domain / CC0 dataset
S325,image_325,Sara Teasdale,So long as my spirit still,Love & Devotion,Romantic,"Is glad of breath
And lifts its plumes of pride
In the dark face of death;
While I am curious still
Of love and fame,
Keeping my heart too high
For the years to tame,
How can I quarrel with fate
Since I can see
I am a debtor to life,
Not life to me?",https://www.gutenberg.org/ebooks/591,Public domain / CC0 dataset
S326,image_326,Sara Teasdale,Sun-swept beaches with a light wind blowing,Love & Devotion,Romantic,"Two thousand years--much has gone by forever,
Change takes the gods and ships and speech of men--
But here on the beaches that time passes over
The heart aches now as then.",https://www.gutenberg.org/ebooks/591,Public domain / CC0 dataset
S327,image_327,Sara Teasdale,What do I owe to you,Love & Devotion,Romantic,"Who loved me deep and long?
You never gave my spirit wings
Or gave my heart a song.",https://www.gutenberg.org/ebooks/442,Public domain / CC0 dataset
S328,image_328,Sara Teasdale,What do I owe to you,Love & Devotion,Romantic,"But oh, to him I loved,
Who loved me not at all,
I owe the open gate
That led through heaven's wall.",https://www.gutenberg.org/ebooks/442,Public domain / CC0 dataset
S329,image_329,Sara Teasdale,You took my empty dreams,Dream & Night,Romantic,"Oh, the empty dreams were dim
And the empty dreams were wide,
They were sweet and shadowy houses
Where my thoughts could hide.",https://www.gutenberg.org/ebooks/442,Public domain / CC0 dataset
S330,image_330,Thomas Hardy,A TIME there was—as one may guess,Love & Separation,Romantic,"None suffered sickness, love, or loss,
None knew regret, starved hope, or heart-burnings;
None cared whatever crash or cross
Brought wrack to things.",https://www.gutenberg.org/ebooks/2997,Public domain / CC0 dataset
S331,image_331,Thomas Hardy,HERE are the tracks upon the sand,Love & Devotion,Romantic,"Where stood last evening she and I—
Pressed heart to heart and hand to hand;
The morning sun has baked them dry.",https://www.gutenberg.org/ebooks/2997,Public domain / CC0 dataset
S332,image_332,Thomas Hardy,HERE is your parents’ dwelling with its curtained windows telling,Dream & Night,Romantic,"Yes; last night we danced I know, Dear, as we did that year ago, Dear,
When a new strange bond between our days was formed, and felt, and
heard;
Would that dancing were the worst thing from the latest to the first
thing
That the faded year can charge us with; but what avails a word!",https://www.gutenberg.org/ebooks/2997,Public domain / CC0 dataset
S333,image_333,Thomas Hardy,"SHE sought the Studios, beckoning to her side",Love & Devotion,Romantic,"“A little chamber, then, with swan and dove
Ranged thickly, and engrailed with rare device
Of reds and purples, for a Paradise
Wherein my Love may greet me, I my Love,
When he shall know thereof?”",https://www.gutenberg.org/ebooks/3167,Public domain / CC0 dataset
S334,image_334,Thomas Hardy,"SHE turned in the high pew, until her sight",Love & Devotion,Romantic,"Thus their hearts’ bond began, in due time signed.
And long years thence, when Age had scared Romance,
At some old attitude of his or glance
That gallery-scene would break upon her mind,
With him as minstrel, ardent, young, and trim,
Bowing “New Sabbath” or “Mount Ephraim.”",https://www.gutenberg.org/ebooks/2997,Public domain / CC0 dataset
S335,image_335,Thomas Hardy,See “The Trumpet-Major”,Tender Reflection,Romantic,"“I’ve laid in food, Dear,
And broached the spiced and brewed, Dear;
And if our July hope should antedate,
Let the char-wench mount and gallop by the halterpath and wood, Dear,
And fetch assistance straight.",https://www.gutenberg.org/ebooks/3167,Public domain / CC0 dataset
S336,image_336,Thomas Hardy,THEY had long met o’ Zundays—her true love and she—,Love & Devotion,Romantic,"“O Tim, my _own_ Tim I must call ’ee—I will!
All the world ha’ turned round on me so!
Can you help her who loved ’ee, though acting so ill?
Can you pity her misery—feel for her still?
When worse than her body so quivering and chill
Is her heart in its winter o’ woe!",https://www.gutenberg.org/ebooks/3167,Public domain / CC0 dataset
S337,image_337,Thomas Hardy,THOUGH I waste watches framing words to fetter,Love & Devotion,Romantic,"For winning love we win the risk of losing,
And losing love is as one’s life were riven;
It cuts like contumely and keen ill-using
To cede what was superfluously given.",https://www.gutenberg.org/ebooks/3167,Public domain / CC0 dataset
S338,image_338,Thomas Hardy,THOUGH I waste watches framing words to fetter,Love & Devotion,Romantic,"Let me then feel no more the fateful thrilling
That devastates the love-worn wooer’s frame,
The hot ado of fevered hopes, the chilling
That agonizes disappointed aim!
So may I live no junctive law fulfilling,
And my heart’s table bear no woman’s name.",https://www.gutenberg.org/ebooks/3167,Public domain / CC0 dataset
S339,image_339,Thomas Hardy,TO Jenny came a gentle youth,Love & Devotion,Romantic,"But each with charger, sword, and gun,
Had bluffed the Biscay wave;
And Jenny prized her gentle one
For all the love he gave.
She vowed to be, if they were wed,
His honest wife in heart and head
From bride-ale hour to grave.",https://www.gutenberg.org/ebooks/3167,Public domain / CC0 dataset
S340,image_340,Thomas Hardy,WHEN we as strangers sought,Love & Separation,Romantic,"And we were left alone
As Love’s own pair;
Yet never the love-light shone
Between us there!
But that which chilled the breath
Of afternoon,
And palsied unto death
The pane-fly’s tune.",https://www.gutenberg.org/ebooks/3167,Public domain / CC0 dataset
S341,image_341,Thomas Hardy,WHEN we as strangers sought,Love & Devotion,Romantic,"The kiss their zeal foretold,
And now deemed come,
Came not: within his hold
Love lingered-numb.
Why cast he on our port
A bloom not ours?
Why shaped us for his sport
In after-hours?",https://www.gutenberg.org/ebooks/3167,Public domain / CC0 dataset
S342,image_342,Thomas Hardy,"’TWAS a death-bed summons, and forth I went",Love & Devotion,Romantic,"And I did.  And I gave the child my love,
And the child loved me, and estranged us none.
But compunctions loomed; for I’d harmed the dead
By what I’d said
For the good of the living one.",https://www.gutenberg.org/ebooks/3167,Public domain / CC0 dataset
S343,image_343,W. B. Yeats,"""Put off that mask of burning gold",Love & Devotion,Romantic,"""I would but find what's there to find,
Love or deceit.""
""It was the mask engaged your mind,
And after set your heart to beat,
Not what's behind.""",https://www.gutenberg.org/ebooks/30488,Public domain / CC0 dataset
S344,image_344,W. B. Yeats,'Put off that mask of burning gold,Love & Devotion,Romantic,"'I would but find what's there to find,
Love or deceit.'
'It was the mask engaged your mind,
And after set your heart to beat,
Not what's behind.'",https://www.gutenberg.org/ebooks/36865,Public domain / CC0 dataset
S345,image_345,W. B. Yeats,"Argument. Baile and Aillinn were lovers, but",Love & Devotion,Romantic,"O wandering birds and rushy beds
You put such folly in our heads
With all this crying in the wind
No common love is to our mind,
And our poor Kate or Nan is less
Than any whose unhappiness
Awoke the harp strings long ago.
Yet they that know all things but know
That all life had to give us is
A child's laughter, a woman's kiss.",https://www.gutenberg.org/ebooks/30652,Public domain / CC0 dataset
S346,image_346,W. B. Yeats,BRIDGET,Love & Separation,Romantic,"You have heard everything, and that is why
You'd find what hour it is--you'd find that out,
That you may look upon a fleet of devils
Dragging my soul away. You shall not stop,
I will have no one here when they come in,
I will have no one sitting there--no one--
And yet--and yet--there is something strange about you.
I half remember something. What is it?
Do you believe in God and in the soul?",https://www.gutenberg.org/ebooks/36865,Public domain / CC0 dataset
S347,image_347,W. B. Yeats,than half the night,Love & Separation,Romantic,"Suddenly Ailell spoke out of his sleep,
And not with his own voice or a man's voice,
But with the burning, live, unshaken voice
Of those that it may be can never age.
He said, 'High Queen of Cruachan and Mag Ai
A king of the Great Plain would speak with you.'
And with glad voice Maeve answered him, 'What King
Of the far wandering shadows has come to me?
As in the old days when they would come and go
About my threshold to counsel and to help.'
The parted lips replied, 'I seek your help,
For I am Aengus and I am crossed in love.'",https://www.gutenberg.org/ebooks/30652,Public domain / CC0 dataset
S348,image_348,W. B. Yeats,than half the night,Dream & Night,Romantic,"She told them of the many-changing ones;
And all that night, and all through the next day
To middle night, they dug into the hill.
At middle night great cats with silver claws,
Bodies of shadow and blind eyes like pearls,
Came up out of the hole, and red-eared hounds
With long white bodies came out of the air
Suddenly, and ran at them and harried them.",https://www.gutenberg.org/ebooks/30652,Public domain / CC0 dataset
S349,image_349,William Blake,A LITTLE BOY LOST,Love & Devotion,Romantic,"""And, father, how can I love you
Or any of my brothers more?
I love you like the little bird
That picks up crumbs around the door.""",https://www.gutenberg.org/ebooks/574,Public domain / CC0 dataset
S350,image_350,William Blake,DIVINE IMAGE,Love & Devotion,Romantic,"For Mercy has a human heart
Pity, a human face;
And Love, the human form divine;
And Peace, the human dress.",https://www.gutenberg.org/ebooks/574,Public domain / CC0 dataset
S351,image_351,William Blake,DIVINE IMAGE,Love & Devotion,Romantic,"And all must love the human form,
In heathen, Turk, or Jew.
Where Mercy, Love, and Pity dwell,
There God is dwelling too.",https://www.gutenberg.org/ebooks/574,Public domain / CC0 dataset
S352,image_352,William Blake,INFANT JOY,Tender Reflection,Romantic,"Pretty joy!
Sweet joy, but two days old.
Sweet Joy I call thee:
Thou dost smile,
I sing the while;
Sweet joy befall thee!",https://www.gutenberg.org/ebooks/574,Public domain / CC0 dataset
S353,image_353,William Blake,MY PRETTY ROSE TREE,Dream & Night,Romantic,"Then I went to my pretty rose tree,
To tend her by day and by night;
But my rose turned away with jealousy,
And her thorns were my only delight.",https://www.gutenberg.org/ebooks/574,Public domain / CC0 dataset
S354,image_354,William Blake,THE ANGEL,Longing & Separation,Romantic,"And I wept both night and day,
And he wiped my tears away;
And I wept both day and night,
And hid from him my heart's delight.",https://www.gutenberg.org/ebooks/574,Public domain / CC0 dataset
S355,image_355,William Blake,THE TYGER,Love & Devotion,Romantic,"And what shoulder and what art
Could twist the sinews of thy heart?
And, when thy heart began to beat,
What dread hand and what dread feet?",https://www.gutenberg.org/ebooks/574,Public domain / CC0 dataset
S356,image_356,William Blake,"Tiger, tiger, burning bright",Love & Devotion,Romantic,"And what shoulder and what art
Could twist the sinews of thy heart?
And, when thy heart began to beat,
What dread hand and what dread feet?",https://www.gutenberg.org/ebooks/1934,Public domain / CC0 dataset
S357,image_357,William Wordsworth,"How rich the wave, in front, imprest",Love & Separation,Romantic,"Such views the youthful bard allure,
But, heedless of the following gloom,
He deems their colours shall endure
’Till peace go with him to the tomb.
--And let him nurse his fond deceit,
And what if he must die in sorrow!
Who would not cherish dreams so sweet,
Though grief and pain may come to-morrow?",https://www.gutenberg.org/ebooks/9622,Public domain / CC0 dataset
S358,image_358,William Wordsworth,"How rich the wave, in front, imprest",Love & Separation,Romantic,"Vain thought! yet be as now thou art,
That in thy waters may be seen
The image of a poet’s heart,
How bright, how solemn, how serene!
Such heart did once the poet bless,
Who, pouring here a[3] _later_ ditty,
Could find no refuge from distress,
But in the milder grief of pity.",https://www.gutenberg.org/ebooks/9622,Public domain / CC0 dataset
S359,image_359,Edgar Allan Poe,At morn—at noon—at twilight dim—,Beauty & Nature,Romantic,"Maria! thou hast heard my hymn!
In joy and woe—in good and ill—
Mother of God, be with me still!
When the Hours flew brightly by,
And not a cloud obscured the sky,
My soul, lest it should truant be,
Thy grace did guide to thine and thee;
Now, when storms of Fate o’ercast
Darkly my Present and my Past,
Let my Future radiant shine
With sweet hopes of thee and thine!",https://www.gutenberg.org/ebooks/76996,Public domain / CC0 dataset
S360,image_360,Edgar Allan Poe,"Fair river! in thy bright, clear flow",Beauty & Nature,Romantic,"Of crystal, wandering water,
Thou art an emblem of the glow
Of beauty—the unhidden heart—
The playful maziness of art
In old Alberto’s daughter;",https://www.gutenberg.org/ebooks/76996,Public domain / CC0 dataset
S361,image_361,Edgar Allan Poe,I dwelt alone,Beauty & Nature,Romantic,"Now Doubt—now Pain
Come never again,
For her soul gives me sigh for sigh,
And all day long
Shines, bright and strong,
Astarte within the sky,
While ever to her dear Eulalie upturns her matron eye—
While ever to her young Eulalie upturns her violet eye.",https://www.gutenberg.org/ebooks/76996,Public domain / CC0 dataset
S362,image_362,Edna St. Vincent Millay,,Love & Separation,Romantic,"Love has gone and left me and the days are all alike;
Eat I must, and sleep I will,--and would that night were here!
But ah!--to lie awake and hear the slow hours strike!
Would that it were day again!--with twilight near!",https://www.gutenberg.org/ebooks/109,Public domain / CC0 dataset
S363,image_363,Edwin Arlington Robinson,,Dream & Night,Romantic,"Year after year, with his dream shut fast,
He suffered and strove till his eyes were dim,
For the love that his brushes had earned at last, --
And the whole world rang with the praise of him.",https://www.gutenberg.org/ebooks/313,Public domain / CC0 dataset
S364,image_364,Edwin Arlington Robinson,"Here there is death.  But even here, they say, --",Dream & Night,Romantic,"Now there is nothing but the ghosts of things, --
No life, no love, no children, and no men;
And over the forgotten place there clings
The strange and unrememberable light
That is in dreams.  The music failed, and then
God frowned, and shut the village from His sight.",https://www.gutenberg.org/ebooks/313,Public domain / CC0 dataset
S365,image_365,Gerard Manley Hopkins,,Tender Reflection,Romantic,"Palate, the hutch of tasty lust,
Desire not to be rinsed with wine:
The can must be so sweet, the crust
So fresh that come in fasts divine!",https://www.gutenberg.org/ebooks/22403,Public domain / CC0 dataset
S366,image_366,Gerard Manley Hopkins,14,Love & Devotion,Romantic,"And the azurous hung hills are his world-wielding
shoulder
Majestic--as a stallion stalwart, very-violet-sweet!--
These things, these things were here and but the
beholder
Wanting; which two when they once meet,
The heart rears wings bold and bolder
And hurls for him, O half hurls earth for him off
under his feet.",https://www.gutenberg.org/ebooks/22403,Public domain / CC0 dataset
S367,image_367,Gerard Manley Hopkins,21,Love & Separation,Romantic,"HAVE fair fallen, O fair, fair have fallen, so dear
To me, so arch-especial a spirit as heaves in Henry Purcell,
An age is now since passed, since parted; with the reversal
Of the outward sentence low lays him, listed to a heresy,
here.",https://www.gutenberg.org/ebooks/22403,Public domain / CC0 dataset
S368,image_368,Gerard Manley Hopkins,21,Love & Devotion,Romantic,"Not mood in him nor meaning, proud fire or sacred fear,
Or love or pity or all that sweet notes not his might nursle:
It is the forged feature finds me; it is the rehearsal
Of own, of abrupt self there so thrusts on, so throngs
the ear.",https://www.gutenberg.org/ebooks/22403,Public domain / CC0 dataset
S369,image_369,Gerard Manley Hopkins,23,Love & Devotion,Romantic,"How it does my heart good, visiting at that bleak hill,
When limber liquid youth, that to all I teach
Yields tender as a pushed peach,
Hies headstrong to its wellbeing of a self-wise self-will!",https://www.gutenberg.org/ebooks/22403,Public domain / CC0 dataset
S370,image_370,Gerard Manley Hopkins,29,Love & Devotion,Romantic,"Sickness broke him. Impatient he cursed at first, but mended
Being anointed and all; though a heavenlier heart began some
Months earlier, since I had our sweet reprieve and ransom
Tendered to him. Ah well, God rest him all road ever he
offended!",https://www.gutenberg.org/ebooks/22403,Public domain / CC0 dataset
S371,image_371,Gerard Manley Hopkins,40,Dream & Night,Romantic,"Why? That my chaff might fly; my grain lie, sheer
and clear.
Nay in all that toil, that coil, since (seems) I kissed the rod,
Hand rather, my heart lo! lapped strength, stole joy,
would laugh, cheer.
Cheer whom though? the hero whose heaven-handling
flung me, foot trod
Me? or me that fought him? O which one? is it each
one? That night, that year
Of now done darkness I wretch lay wrestling with (my
God!) my God.",https://www.gutenberg.org/ebooks/22403,Public domain / CC0 dataset
S372,image_372,Gerard Manley Hopkins,44,Love & Separation,Romantic,"To seem the stranger lies my lot, my life
Among strangers. Father and mother dear,
Brothers and sisters are in Christ not near
And he my peace my parting, sword and strife.
England, whose honour O all my heart woos, wife
To my creating thought, would neither hear
Me, were I pleading, plead nor do I: I wear-
y of idle a being but by where wars are rife.",https://www.gutenberg.org/ebooks/22403,Public domain / CC0 dataset
S373,image_373,Gerard Manley Hopkins,45,Love & Separation,Romantic,"I WAKE and feel the fell of dark, not day.
What hours, O what black houers we have spent
This night! what sights you, heart, saw; ways you went!
And more must, in yet longer light's delay.
With witness I speak this. But where I say
Hours I mean years, mean life. And my lament
Is cries countless, cries like dead letters sent
To dearest him that lives alas! away.",https://www.gutenberg.org/ebooks/22403,Public domain / CC0 dataset
S374,image_374,Gerard Manley Hopkins,66,Love & Devotion,Romantic,"REPEAT that, repeat,
Cuckoo, bird, and open ear wells, heart-springs, delight-
fully sweet,
With a ballad, with a ballad, a rebound
Off trundled timber and scoops of the hillside ground,
hollow hollow hollow ground:
The whole landscape flushes on a sudden at a sound.",https://www.gutenberg.org/ebooks/22403,Public domain / CC0 dataset
S375,image_375,Gerard Manley Hopkins,PART THE FIRST,Dream & Night,Romantic,"2
I did say yes
O at lightning and lashed rod;
Thou heardst me truer than tongue confess
Thy terror, O Christ, O God;
Thou knowest the walls, altar and hour and night:
The swoon of a heart that the sweep and the hurl of thee trod
Hard down with a horror of height:
And the midriff astrain with leaning of, laced with fire of stress.",https://www.gutenberg.org/ebooks/22403,Public domain / CC0 dataset
S376,image_376,John Keats,INTRODUCTION TO ISABELLA AND THE EVE OF ST. AGNES,Love & Devotion,Romantic,"I made a garland for her head,
And bracelets too, and fragrant zone,
She look'd at me as she did love
And made sweet moan.",https://www.gutenberg.org/ebooks/23684,Public domain / CC0 dataset
S377,image_377,John Keats,INTRODUCTION TO ISABELLA AND THE EVE OF ST. AGNES,Love & Devotion,Romantic,"She found me roots of relish sweet,
And honey wild and manna dew,
And sure in language strange she said
I love thee true.",https://www.gutenberg.org/ebooks/23684,Public domain / CC0 dataset
S378,image_378,Percy Bysshe Shelley,"16. GHASTA OR, THE AVENGING DEMON!!!",Dream & Night,Romantic,"Horror covers all the sky,                                           _5
Clouds of darkness blot the moon,
Prepare! for mortal thou must die,
Prepare to yield thy soul up soon—",https://www.gutenberg.org/ebooks/4800,Public domain / CC0 dataset
S379,image_379,Percy Bysshe Shelley,ANOTHER FRAGMENT (A),Love & Devotion,Romantic,"Trembling in drops on the discoloured skin
Of those who love their kind and therefore perish
In ghastly torture—a sweet medicine",https://www.gutenberg.org/ebooks/4800,Public domain / CC0 dataset
S380,image_380,Percy Bysshe Shelley,MARENGHI. (This fragment refers to an event told in Sismondi’s,Dream & Night,Romantic,"28.
The thought of his own kind who made the soul
Which sped that winged shape through night and day,—                _160
The thought of his own country...",https://www.gutenberg.org/ebooks/4800,Public domain / CC0 dataset
S381,image_381,Robert Browning,"""CHILDE ROLAND TO THE DARK TOWER CAME""",Love & Separation,Romantic,"While some discuss if near the other graves
Be room enough for this, and when a day
Suits best for carrying the corpse away,
With care about the banners, scarves, and staves:
And still the man hears all, and only craves
He may not shame such tender love and stay.",https://www.gutenberg.org/ebooks/16376,Public domain / CC0 dataset
S382,image_382,Robert Browning,A PRETTY WOMAN,Beauty & Nature,Romantic,"Why, with beauty, needs there money be,
Love with liking?
Crush the fly-king
In his gauze, because no honey-bee?                                          40",https://www.gutenberg.org/ebooks/16376,Public domain / CC0 dataset
S383,image_383,Robert Browning,A PRETTY WOMAN,Love & Separation,Romantic,"Then how grace a rose? I know a way!
Leave it, rather.                                                        70
Must you gather?
Smell, kiss, wear it--at last, throw away.",https://www.gutenberg.org/ebooks/16376,Public domain / CC0 dataset
S384,image_384,Robert Browning,EVELYN HOPE,Love & Devotion,Romantic,"Sixteen years old when she died!
Perhaps she had scarcely heard my name;                                    10
It was not her time to love; beside,
Her life had many a hope and aim,
Duties enough and little cares,
And now was quiet, now astir,
Till God's hand beckoned unawares,--
And the sweet white brow is all of her.",https://www.gutenberg.org/ebooks/16376,Public domain / CC0 dataset
S385,image_385,Robert Browning,EVELYN HOPE,Dream & Night,Romantic,"Is it too late then, Evelyn Hope?
What, your soul was pure and true,
The good stars met in your horoscope,
Made you of spirit, fire and dew--                                         20
And just because I was thrice as old
And our paths in the world diverged so wide,
Each was naught to each, must I be told?
We were fellow mortals, naught beside?",https://www.gutenberg.org/ebooks/16376,Public domain / CC0 dataset
S386,image_386,Robert Browning,FEARS AND SCRUPLES,Love & Separation,Romantic,"Loved I not his letters deg. full of beauty?                                      deg.5
Not his actions famous far and wide?
Absent, he would know I vowed him duty,
Present, he would find me at his side.",https://www.gutenberg.org/ebooks/16376,Public domain / CC0 dataset
S387,image_387,Robert Browning,RABBI BEN EZRA,Beauty & Nature,Romantic,"For pleasant is this flesh;
Our soul, in its rose-mesh
Pulled ever to the earth, still yearns for rest:
Would we some prize might hold
To match those manifold
Possessions of the brute,--gain most, as we did best!",https://www.gutenberg.org/ebooks/16376,Public domain / CC0 dataset
S388,image_388,Robert Browning,XVIII,Dream & Night,Romantic,"This I say of me, but think of you, Love!
This to you--yourself my moon of poets!
Ah, but that's the world's side, there's the wonder,
Thus they see you, praise you, think they know you!                         190
There, in turn I stand with them and praise you--
Out of my own self, I dare to phrase it.
But the best is when I glide from out them,
Cross a step or two of dubious twilight,
Come out on the other side, the novel
Silent silver lights and darks undreamed of,
Where I hush and bless myself with silence.",https://www.gutenberg.org/ebooks/16376,Public domain / CC0 dataset
S389,image_389,Robert Frost,Stars,Dream & Night,Romantic,"HOW countlessly they congregate
O'er our tumultuous snow,
Which flows in shapes as tall as trees
When wintry winds do blow!--
As if with keenness for our fate,
Our faltering few steps on
To white rest, and a place of rest
Invisible at dawn,--
And yet with neither love nor hate,
Those stars like some snow-white
Minerva's snow-white marble eyes
Without the gift of sight.",https://www.gutenberg.org/ebooks/3021,Public domain / CC0 dataset
S390,image_390,Sara Teasdale,Dreamily over the roofs,Dream & Night,Romantic,"Slowly over the earth
The wings of night are falling;
My heart like the bird in the tree
Is calling, calling, calling.",https://www.gutenberg.org/ebooks/442,Public domain / CC0 dataset
S391,image_391,Sara Teasdale,"I cannot die, who drank delight",Dream & Night,Romantic,"From the cup of the crescent moon,
And hungrily as men eat bread,
Loved the scented nights of June.",https://www.gutenberg.org/ebooks/591,Public domain / CC0 dataset
S392,image_392,Sara Teasdale,I should be glad of loneliness,Dream & Night,Romantic,"And hours that go on broken wings,
A thirsty body, a tired heart
And the unchanging ache of things,
If I could make a single song
As lovely and as full of light,
As hushed and brief as a falling star
On a winter night.",https://www.gutenberg.org/ebooks/591,Public domain / CC0 dataset
S393,image_393,Sara Teasdale,If I could keep my innermost Me,Love & Separation,Romantic,"Fearless, aloof and free
Of the least breath of love or hate,
And not disconsolate
At the sick load of sorrow laid on men;
If I could keep a sanctuary there
Free even of prayer,
If I could do this, then,
With quiet candor as I grew more wise
I could look even at God with grave forgiving eyes.",https://www.gutenberg.org/ebooks/591,Public domain / CC0 dataset
S394,image_394,Sara Teasdale,In my heart the old love,Love & Devotion,Romantic,"Dear things, kind things,
That my old love said,
Ranged themselves reproachfully
Round my bed.",https://www.gutenberg.org/ebooks/442,Public domain / CC0 dataset
S395,image_395,Sara Teasdale,"In the wild, soft summer darkness",Dream & Night,Romantic,"How many and many a night we two together
Sat in the park and watched the Hudson
Wearing her lights like golden spangles
Glinting on black satin.
The rail along the curving pathway
Was low in a happy place to let us cross,
And down the hill a tree that dripped with bloom
Sheltered us,
While your kisses and the flowers,
Falling, falling,
Tangled my hair. . . .",https://www.gutenberg.org/ebooks/442,Public domain / CC0 dataset
S396,image_396,Sara Teasdale,"Oh, I have sown my love so wide",Dream & Night,Romantic,"I set my shadow in his sight
And I have winged it with desire,
That it may be a cloud by day,
And in the night a shaft of fire.",https://www.gutenberg.org/ebooks/442,Public domain / CC0 dataset
S397,image_397,Sara Teasdale,Pierrot stands in the garden,Beauty & Nature,Romantic,"Pierrot plays in the garden,
And all the roses know
That Pierrot loves his music,--
But I love Pierrot.",https://www.gutenberg.org/ebooks/442,Public domain / CC0 dataset
S398,image_398,Sara Teasdale,The April night is still and sweet,Dream & Night,Romantic,"My peace is hidden in his breast
Where I shall never be;
Love comes to-night to all the rest,
But not to me.",https://www.gutenberg.org/ebooks/442,Public domain / CC0 dataset
S399,image_399,Sara Teasdale,The panther wind,Dream & Night,Romantic,"Leaps out of the night,
The snake of lightning
Is twisting and white,
The lion of thunder
Roars--and we
Sit still and content
Under a tree--
We have met fate together
And love and pain,
Why should we fear
The wrath of the rain!",https://www.gutenberg.org/ebooks/591,Public domain / CC0 dataset
S400,image_400,Sara Teasdale,To-night I close my eyes and see,Love & Separation,Romantic,"The years went by and never knew
That each one brought me nearer you;
Their path was narrow and apart
And yet it led me to your heart--
Oh, sensitive, shy years, oh, lonely years,
That strove to sing with voices drowned in tears.",https://www.gutenberg.org/ebooks/442,Public domain / CC0 dataset
S401,image_401,Sara Teasdale,When beauty grows too great to bear,Beauty & Nature,Romantic,"How shall I ease me of its ache,
For beauty more than bitterness
Makes the heart break.",https://www.gutenberg.org/ebooks/442,Public domain / CC0 dataset
S402,image_402,Thomas Hardy,AS I lay awake at night-time,Love & Separation,Romantic,"“It is _just_ as ere we parted!”
Said she, brimming high with joy.—“And when, then, came you here, and
why?”
“—Dear, I could not sleep for thinking of our trystings when
twin-hearted.”
She responded, “Nor could I.",https://www.gutenberg.org/ebooks/2997,Public domain / CC0 dataset
S403,image_403,Thomas Hardy,HERE are the tracks upon the sand,Tender Reflection,Romantic,"“But that I body and soul was yours
Ere he’d possession, he’ll never know.
He’s a confident man.  ‘The husband scores,’
He says, ‘in the long run’ . . . Now, Dear, go!”",https://www.gutenberg.org/ebooks/2997,Public domain / CC0 dataset
S404,image_404,Thomas Hardy,I BUSIED myself to find a sure,Love & Devotion,Romantic,"I laboured that the diurnal spin
Of vanities
Should not contrive to suck her in
By dark degrees,
And cunningly operate to blur
Sweet teachings I had begun;
And then I went full-heart to her
To expound the glad deeds done.",https://www.gutenberg.org/ebooks/2997,Public domain / CC0 dataset
S405,image_405,Thomas Hardy,I SAW him steal the light away,Beauty & Nature,Romantic,"I watched her longer, and he stole
Her lily tincts and rose;
All her young sprightliness of soul
Next fell beneath his cold control,
And disappeared like those.",https://www.gutenberg.org/ebooks/2997,Public domain / CC0 dataset
S406,image_406,Thomas Hardy,I THOUGHT and thought of thy crass clanging town,Dream & Night,Romantic,"To folly, till convinced such dreams were ill,
I held my heart in bond, and tethered down
Fancy to where I was, by force of will.",https://www.gutenberg.org/ebooks/2997,Public domain / CC0 dataset
S407,image_407,W. B. Yeats,"""Put off that mask of burning gold",Love & Devotion,Romantic,"With emerald eyes.""
""O no, my dear, you make so bold
To find if hearts be wild and wise,
And yet not cold.""",https://www.gutenberg.org/ebooks/30488,Public domain / CC0 dataset
S408,image_408,W. B. Yeats,'Put off that mask of burning gold,Love & Devotion,Romantic,"With emerald eyes.'
'O no, my dear, you make so bold
To find if hearts be wild and wise,
And yet not cold.'",https://www.gutenberg.org/ebooks/36865,Public domain / CC0 dataset
S409,image_409,W. B. Yeats,"Argument. Baile and Aillinn were lovers, but",Dream & Night,Romantic,"What were our praise to them: they eat
Quiet's wild heart, like daily meat,
Who when night thickens are afloat
On dappled skins in a glass boat
Far out under a windless sky,
While over them birds of Aengus fly,
And over the tiller and the prow
And waving white wings to and fro
Awaken wanderings of light air
To stir their coverlet and their hair.",https://www.gutenberg.org/ebooks/30652,Public domain / CC0 dataset
S410,image_410,W. B. Yeats,"Indignant at the fumbling wits, the obscure spite",Love & Separation,Romantic,"Of our old Paudeen in his shop, I stumbled blind
Among the stones and thorn trees, under morning light;
Until a curlew cried and in the luminous wind
A curlew answered; and suddenly thereupon I thought
That on the lonely height where all are in God's eye,
There cannot be, confusion of our sound forgot,
A single soul that lacks a sweet crystaline cry.",https://www.gutenberg.org/ebooks/36865,Public domain / CC0 dataset
S411,image_411,W. B. Yeats,We sat together at one summer's end,Love & Devotion,Romantic,"I said, 'It's certain there is no fine thing
Since Adam's fall but needs much labouring.
There have been lovers who thought love should be
So much compounded of high courtesy
That they would sigh and quote with learned looks
Precedents out of beautiful old books;
Yet now it seems an idle trade enough.'",https://www.gutenberg.org/ebooks/30652,Public domain / CC0 dataset
S412,image_412,W. B. Yeats,Why should I blame her that she filled my days,Beauty & Nature,Romantic,"With misery, or that she would of late
Have taught to ignorant men most violent ways,
Or hurled the little streets upon the great,
Had they but courage equal to desire?
What could have made her peaceful with a mind
That nobleness made simple as a fire,
With beauty like a tightened bow, a kind
That is not natural in an age like this,
Being high and solitary and most stern?
Why, what could she have done being what she is?
Was there another Troy for her to burn?",https://www.gutenberg.org/ebooks/36865,Public domain / CC0 dataset
S413,image_413,William Blake,A LITTLE GIRL LOST,Love & Devotion,Romantic,"Tired with kisses sweet,
They agree to meet
When the silent sleep
Waves o'er heaven's deep,
And the weary tired wanderers weep.",https://www.gutenberg.org/ebooks/574,Public domain / CC0 dataset
S414,image_414,William Blake,NURSE'S SONG,Love & Separation,Romantic,"When the voices of children are heard on the green,
And laughing is heard on the hill,
My heart is at rest within my breast,
And everything else is still.
""Then come home, my children, the sun is gone down,
And the dews of night arise;
Come, come, leave off play, and let us away,
Till the morning appears in the skies.""",https://www.gutenberg.org/ebooks/574,Public domain / CC0 dataset
S415,image_415,William Blake,THE GARDEN OF LOVE,Beauty & Nature,Romantic,"And the gates of this Chapel were shut
And ""Thou shalt not,"" writ over the door;
So I turned to the Garden of Love
That so many sweet flowers bore.",https://www.gutenberg.org/ebooks/574,Public domain / CC0 dataset
S416,image_416,William Blake,THE SCHOOLBOY,Beauty & Nature,Romantic,"I love to rise on a summer morn,
When birds are singing on every tree;
The distant huntsman winds his horn,
And the skylark sings with me:
Oh what sweet company!",https://www.gutenberg.org/ebooks/574,Public domain / CC0 dataset
S417,image_417,William Blake,TO TIRZAH,Love & Separation,Romantic,"Thou, mother of my mortal part,
With cruelty didst mould my heart,
And with false self-deceiving tears
Didst bind my nostrils, eyes, and ears,",https://www.gutenberg.org/ebooks/574,Public domain / CC0 dataset
S418,image_418,William Blake,Whate’er is born of mortal birth,Love & Separation,Romantic,"Thou, mother of my mortal part,
With cruelty didst mould my heart,
And with false self-deceiving tears
Didst blind my nostrils, eyes, and ears,",https://www.gutenberg.org/ebooks/1934,Public domain / CC0 dataset
S419,image_419,William Wordsworth,Oh! what’s the matter? what’s the matter?,Love & Separation,Romantic,"He went complaining all the morrow
That he was cold and very chill:
His face was gloom, his heart was sorrow,
Alas! that day for Harry Gill!
That day he wore a riding-coat,
But not a whit the warmer he:
Another was on Thursday brought,
And ere the Sabbath he had three.",https://www.gutenberg.org/ebooks/9622,Public domain / CC0 dataset
S420,image_420,Edna St. Vincent Millay,,Beauty & Nature,Romantic,"The first rose on my rose-tree
Budded, bloomed, and shattered,
During sad days when to me
Nothing mattered.",https://www.gutenberg.org/ebooks/109,Public domain / CC0 dataset
S421,image_421,Edna St. Vincent Millay,I cannot but remember,Dream & Night,Romantic,"Oh, beautiful at nightfall
The soft spitting snow!
And beautiful the bare boughs
Rubbing to and fro!",https://www.gutenberg.org/ebooks/109,Public domain / CC0 dataset
S422,image_422,Edna St. Vincent Millay,I knew her for a little ghost,Tender Reflection,Romantic,"By the dear ruffles round her feet,
By her small hands that hung
In their lace mitts, austere and sweet,
Her gown's white folds among.",https://www.gutenberg.org/ebooks/109,Public domain / CC0 dataset
S423,image_423,Edna St. Vincent Millay,II,Tender Reflection,Romantic,"There are a hundred places where I fear
To go,--so with his memory they brim!
And entering with relief some quiet place
Where never fell his foot or shone his face
I say, ""There is no memory of him here!""
And so stand stricken, so remembering him!",https://www.gutenberg.org/ebooks/109,Public domain / CC0 dataset
S424,image_424,Edna St. Vincent Millay,The room is full of you!--As I came in,Beauty & Nature,Romantic,"Sharp, unfamiliar odors have destroyed
Each other room's dear personality.
The heavy scent of damp, funereal flowers,--
The very essence, hush-distilled, of Death--
Has strangled that habitual breath of home
Whose expiration leaves all houses dead;
And wheresoe'er I look is hideous change.
Save here.  Here 'twas as if a weed-choked gate
Had opened at my touch, and I had stepped
Into some long-forgot, enchanted, strange,
Sweet garden of a thousand years ago
And suddenly thought, ""I have been here before!""",https://www.gutenberg.org/ebooks/109,Public domain / CC0 dataset
S425,image_425,Edna St. Vincent Millay,The room is full of you!--As I came in,Dream & Night,Romantic,"There is your book, just as you laid it down,
Face to the table,--I cannot believe
That you are gone!--Just then it seemed to me
You must be here.  I almost laughed to think
How like reality the dream had been;
Yet knew before I laughed, and so was still.
That book, outspread, just as you laid it down!
Perhaps you thought, ""I wonder what comes next,
And whether this or this will be the end"";
So rose, and left it, thinking to return.",https://www.gutenberg.org/ebooks/109,Public domain / CC0 dataset
S426,image_426,Edwin Arlington Robinson,"""Where are you going to-night, to-night, --",Dream & Night,Romantic,"Where are you going, John Evereldown?
There's never the sign of a star in sight,
Nor a lamp that's nearer than Tilbury Town.
Why do you stare as a dead man might?
Where are you pointing away from the light?
And where are you going to-night, to-night, --
Where are you going, John Evereldown?""",https://www.gutenberg.org/ebooks/313,Public domain / CC0 dataset
S427,image_427,Edwin Arlington Robinson,As we the withered ferns,Longing & Separation,Romantic,"By the roadway lying,
Time, the jester, spurns
All our prayers and prying --
All our tears and sighing,
Sorrow, change, and woe --
All our where-and-whying
For friends that come and go.",https://www.gutenberg.org/ebooks/313,Public domain / CC0 dataset
S428,image_428,Edwin Arlington Robinson,Down by the flash of the restless water,Dream & Night,Romantic,"The dim White Ship like a white bird lay;
Laughing at life and the world they sought her,
And out she swung to the silvering bay.
Then off they flew on their roystering way,
And the keen moon fired the light foam flying
Up from the flood where the faint stars play,
And the bones of the brave in the wave are lying.",https://www.gutenberg.org/ebooks/313,Public domain / CC0 dataset
S429,image_429,Edwin Arlington Robinson,The man who cloaked his bitterness within,Longing & Separation,Romantic,"We laugh, and crown him; but anon we feel
A still chord sorrow-swept, -- a weird unrest;
And thin dim shadows home to midnight steal,
As if the very ghost of mirth were dead --
As if the joys of time to dreams had fled,
Or sailed away with Ines to the West.",https://www.gutenberg.org/ebooks/313,Public domain / CC0 dataset
S430,image_430,Gerard Manley Hopkins,13,Beauty & Nature,Romantic,"All things counter, original, spare, strange;
Whatever is fickle, freckled (who knows how?)
With swift, slow; sweet, sour; adazzle, dim;
He fathers-forth whose beauty is past change:
Praise him.",https://www.gutenberg.org/ebooks/22403,Public domain / CC0 dataset
S431,image_431,Gerard Manley Hopkins,54,Longing & Separation,Romantic,"O I admire and sorrow! The heart's eye grieves
Discovering you, dark tramplers, tyrant years.
A juice rides rich through bluebells, in vine leaves,
And beauty's dearest veriest vein is tears.",https://www.gutenberg.org/ebooks/22403,Public domain / CC0 dataset
S432,image_432,Gerard Manley Hopkins,63,Beauty & Nature,Romantic,"Then over his turned temples--here--
Was a rose, or, failing that,
Rough-Robin or five-lipped campion clear
For a beauty-bow to his hat,
And the sunlight sidled, like dewdrops, like dandled
diamonds
Through the sieve of the straw of the plait.
.     .     .     .     .     .     .     .",https://www.gutenberg.org/ebooks/22403,Public domain / CC0 dataset
S433,image_433,John Keats,INTRODUCTION TO ISABELLA AND THE EVE OF ST. AGNES,Dream & Night,Romantic,"Forgot the stars, the moon, the sun,
And she forgot the blue above the trees,
And she forgot the dells where waters run,
And she forgot the chilly autumn breeze;
She had no knowledge when the day was done,
And the new morn she saw not--",https://www.gutenberg.org/ebooks/23684,Public domain / CC0 dataset
S434,image_434,Percy Bysshe Shelley,MARENGHI. (This fragment refers to an event told in Sismondi’s,Dream & Night,Romantic,"25.
And so were kindled powers and thoughts which made
His solitude less dark. When memory came
(For years gone by leave each a deepening shade),
His spirit basked in its internal flame,—                           _145
As, when the black storm hurries round at night,
The fisher basks beside his red firelight.",https://www.gutenberg.org/ebooks/4800,Public domain / CC0 dataset
S435,image_435,Robert Browning,,Dream & Night,Romantic,"'Thinketh He made it, with the sun to match,
But not the stars; the stars came otherwise;
Only made clouds, winds, meteors, such as that:
Also this isle, what lives and grows thereon,
And snaky sea which rounds and ends the same.                                30",https://www.gutenberg.org/ebooks/16376,Public domain / CC0 dataset
S436,image_436,Robert Browning,A PRETTY WOMAN,Tender Reflection,Romantic,"To think men cannot take you, Sweet,
And infold you,
Ay, and hold you,
And so keep you what they make you, Sweet!",https://www.gutenberg.org/ebooks/16376,Public domain / CC0 dataset
S437,image_437,Robert Browning,A WOMAN'S LAST WORD,Longing & Separation,Romantic,"That shall be to-morrow,
Not to-night:
I must bury sorrow
Out of sight:",https://www.gutenberg.org/ebooks/16376,Public domain / CC0 dataset
S438,image_438,Robert Browning,RABBI BEN EZRA,Dream & Night,Romantic,"Not that, amassing flowers,
Youth sighed, ""Which rose make ours,
Which lily leave and then as best recall!""
Not that, admiring stars,                                                    10
It yearned ""Nor Jove, nor Mars;
Mine be some figured flame which blends, transcends them all!""",https://www.gutenberg.org/ebooks/16376,Public domain / CC0 dataset
S439,image_439,Sara Teasdale,A diamond of a morning,Dream & Night,Romantic,"Waked me an hour too soon;
Dawn had taken in the stars
And left the faint white moon.",https://www.gutenberg.org/ebooks/591,Public domain / CC0 dataset
S440,image_440,W. B. Yeats,As I came over Windy Gap,Love & Devotion,Romantic,"Poor men have grown to be rich men,
And rich men grown to be poor again,
And I am running to Paradise;
And many a darling wit's grown dull
That tossed a bare heel when at school,
Now it has filled an old sock full:
And there the king _is_ but as the beggar.",https://www.gutenberg.org/ebooks/36865,Public domain / CC0 dataset
S441,image_441,W. B. Yeats,King Eochaid came at sundown to a wood,Dream & Night,Romantic,"When night had deepened,
I groped my way through boughs, and over roots,
Till oak and hazel ceased and beech began,
And found the house, a sputtering torch within,
And stretched out sleeping on a pile of skins
Ardan, and though I called to him and tried
To shake him out of sleep, I could not rouse him.
I waited till the night was on the turn,
Then fearing that some labourer, on his way
To plough or pasture-land, might see me there,
Went out.",https://www.gutenberg.org/ebooks/36865,Public domain / CC0 dataset
S442,image_442,W. B. Yeats,Some may have blamed you that you took away,Tender Reflection,Romantic,"The verses that could move them on the day
When, the ears being deafened, the sight of the eyes blind
With lightning you went from me, and I could find
Nothing to make a song about but kings,
Helmets, and swords, and half-forgotten things
That were like memories of you--but now
We'll out, for the world lives as long ago;
And while we're in our laughing, weeping fit,
Hurl helmets, crowns, and swords into the pit.
But, dear, cling close to me; since you were gone,
My barren thoughts have chilled me to the bone.",https://www.gutenberg.org/ebooks/36865,Public domain / CC0 dataset
S443,image_443,William Blake,A  SONG,Tender Reflection,Romantic,"Sweet Sleep, with soft down
Weave thy brows an infant crown
Sweet Sleep, angel mild,
Hover o'er my happy child!",https://www.gutenberg.org/ebooks/574,Public domain / CC0 dataset
S444,image_444,William Blake,A  SONG,Tender Reflection,Romantic,"Sweet moans, dovelike sighs,
Chase not slumber from thine eyes!
Sweet moan, sweeter smile,
All the dovelike moans beguile.",https://www.gutenberg.org/ebooks/574,Public domain / CC0 dataset
S445,image_445,William Blake,A  SONG,Tender Reflection,Romantic,"Sweet babe, in thy face
Holy image I can trace;
Sweet babe, once like thee
Thy Maker lay, and wept for me:",https://www.gutenberg.org/ebooks/574,Public domain / CC0 dataset
S446,image_446,William Blake,A POISON TREE,Longing & Separation,Romantic,"And I watered it in fears
Night and morning with my tears,
And I sunned it with smiles
And with soft deceitful wiles.",https://www.gutenberg.org/ebooks/574,Public domain / CC0 dataset
S447,image_447,William Blake,And there the lion's ruddy eyes,Love & Separation,Romantic,"Shall flow with tears of gold:
And pitying the tender cries,
And walking round the fold:
Saying: ""Wrath by His meekness,
And, by His health, sickness,
Are driven away
From our immortal day.",https://www.gutenberg.org/ebooks/574,Public domain / CC0 dataset
S448,image_448,William Blake,In futurity,Dream & Night,Romantic,"‘Frowning, frowning night,
O’er this desert bright
Let thy moon arise,
While I close my eyes.’",https://www.gutenberg.org/ebooks/1934,Public domain / CC0 dataset
S449,image_449,William Blake,MY PRETTY ROSE TREE,Beauty & Nature,Romantic,"A flower was offered to me,
Such a flower as May never bore;
But I said ""I've a pretty rose tree,""
And I passed the sweet flower o'er.",https://www.gutenberg.org/ebooks/574,Public domain / CC0 dataset
S450,image_450,William Blake,NIGHT,Dream & Night,Romantic,"The sun descending in the west,
The evening star does shine;
The birds are silent in their nest,
And I must seek for mine.
The moon, like a flower
In heaven's high bower,
With silent delight,
Sits and smiles on the night.",https://www.gutenberg.org/ebooks/574,Public domain / CC0 dataset
S451,image_451,William Blake,NURSE'S SONG,Dream & Night,Romantic,"Then come home, my children, the sun is gone down,
And the dews of night arise;
Your spring and your day are wasted in play,
And your winter and night in disguise.",https://www.gutenberg.org/ebooks/574,Public domain / CC0 dataset
S452,image_452,William Wordsworth,Oh! what’s the matter? what’s the matter?,Dream & Night,Romantic,"In March, December, and in July,
“Tis all the same with Harry Gill;
The neighbours tell, and tell you truly,
His teeth they chatter, chatter still.
At night, at morning, and at noon,
’Tis all the same with Harry Gill;
Beneath the sun, beneath the moon,
His teeth they chatter, chatter still.",https://www.gutenberg.org/ebooks/9622,Public domain / CC0 dataset
S453,image_453,William Wordsworth,Oh! what’s the matter? what’s the matter?,Dream & Night,Romantic,"All day she spun in her poor dwelling,
And then her three hours’ work at night!
Alas! ’twas hardly worth the telling,
It would not pay for candle-light.
--This woman dwelt in Dorsetshire,
Her hut was on a cold hill-side,
And in that country coals are dear,
For they come far by wind and tide.",https://www.gutenberg.org/ebooks/9622,Public domain / CC0 dataset
S454,image_454,Edna St. Vincent Millay,,Love & Separation,Romantic,"Love has gone and left me and I don't know what to do;
This or that or what you will is all the same to me;
But all the things that I begin I leave before I'm through,--
There's little use in anything as far as I can see.",https://www.gutenberg.org/ebooks/109,Public domain / CC0 dataset
S455,image_455,Edna St. Vincent Millay,All I could see from where I stood,Tender Reflection,Romantic,"Long had I lain thus, craving death,
When quietly the earth beneath
Gave way, and inch by inch, so great
At last had grown the crushing weight,
Into the earth I sank till I
Full six feet under ground did lie,
And sank no more,--there is no weight
Can follow here, however great.
From off my breast I felt it roll,
And as it went my tortured soul
Burst forth and fled in such a gust
That all about me swirled the dust.",https://www.gutenberg.org/ebooks/109,Public domain / CC0 dataset
S456,image_456,Edna St. Vincent Millay,"Death, I say, my heart is bowed",Love & Devotion,Romantic,"Death, I say, my heart is bowed
Unto thine,--O mother!
This red gown will make a shroud
Good as any other!",https://www.gutenberg.org/ebooks/109,Public domain / CC0 dataset
S457,image_457,Edna St. Vincent Millay,II,Love & Devotion,Romantic,"Time does not bring relief; you all have lied
Who told me time would ease me of my pain!
I miss him in the weeping of the rain;
I want him at the shrinking of the tide;
The old snows melt from every mountain-side,
And last year's leaves are smoke in every lane;
But last year's bitter loving must remain
Heaped on my heart, and my old thoughts abide!",https://www.gutenberg.org/ebooks/109,Public domain / CC0 dataset
S458,image_458,Edna St. Vincent Millay,III,Love & Devotion,Romantic,"All the dog-wood blossoms are underneath the tree,
Browned at the edges, turned in a day;
And I would with all my heart they trimmed a mound for me,
And weeds were tall on all the paths that led that way!",https://www.gutenberg.org/ebooks/109,Public domain / CC0 dataset
S459,image_459,Edna St. Vincent Millay,IV,Love & Devotion,Romantic,"So is no warmth for me at any fire
To-day, when the world's fire has burned so low;
I kneel, spending my breath in vain desire,
At that cold hearth which one time roared so strong,
And straighten back in weariness, and long
To gather up my little gods and go.",https://www.gutenberg.org/ebooks/109,Public domain / CC0 dataset
S460,image_460,Edna St. Vincent Millay,Sorrow like a ceaseless rain,Love & Devotion,Romantic,"Beats upon my heart.
People twist and scream in pain,--
Dawn will find them still again;
This has neither wax nor wane,
Neither stop nor start.",https://www.gutenberg.org/ebooks/109,Public domain / CC0 dataset
S461,image_461,Edna St. Vincent Millay,The room is full of you!--As I came in,Beauty & Nature,Romantic,"Perhaps that chair, when you arose and passed
Out of the room, rocked silently a while
Ere it again was still. When you were gone
Forever from the room, perhaps that chair,
Stirred by your movement, rocked a little while,
Silently, to and fro. . .",https://www.gutenberg.org/ebooks/109,Public domain / CC0 dataset
S462,image_462,Edwin Arlington Robinson,"Ah, -- shuddering men that falter and shrink so",Love & Devotion,Romantic,"To look on death, -- what were the days we live,
Where life is half a struggle to forgive,
But for the love that finds us when we go?
Is God a jester?  Does he laugh and throw
Poor branded wretches here to sweat and strive
For some vague end that never shall arrive?
And is He not yet weary of the show?",https://www.gutenberg.org/ebooks/313,Public domain / CC0 dataset
S463,image_463,Edwin Arlington Robinson,"Ah, -- shuddering men that falter and shrink so",Love & Devotion,Romantic,"Think of it, all ye millions that have planned,
And only planned, the largess of hard youth!
Think of it, all ye builders on the sand,
Whose works are down! --  Is love so small, forsooth?
Be brave!  To-morrow you will understand
The doubt, the pain, the triumph, and the Truth!",https://www.gutenberg.org/ebooks/313,Public domain / CC0 dataset
S464,image_464,Edwin Arlington Robinson,As we the withered ferns,Love & Devotion,Romantic,"Life awakes and burns,
Age and death defying,
Till at last it learns
All but Love is dying;
Love's the trade we're plying,
God has willed it so;
Shrouds are what we're buying
For friends that come and go.",https://www.gutenberg.org/ebooks/313,Public domain / CC0 dataset
S465,image_465,Edwin Arlington Robinson,As we the withered ferns,Tender Reflection,Romantic,"Man forever yearns
For the thing that's flying.
Everywhere he turns,
Men to dust are drying, --
Dust that wanders, eying
(With eyes that hardly glow)
New faces, dimly spying
For friends that come and go.",https://www.gutenberg.org/ebooks/313,Public domain / CC0 dataset
S466,image_466,Edwin Arlington Robinson,Because he puts the compromising chart,Love & Devotion,Romantic,"Of hell before your eyes, you are afraid;
Because he counts the price that you have paid
For innocence, and counts it from the start,
You loathe him.  But he sees the human heart
Of God meanwhile, and in God's hand has weighed
Your squeamish and emasculate crusade
Against the grim dominion of his art.",https://www.gutenberg.org/ebooks/313,Public domain / CC0 dataset
S467,image_467,Edwin Arlington Robinson,Because he puts the compromising chart,Love & Devotion,Romantic,"Never until we conquer the uncouth
Connivings of our shamed indifference
(We call it Christian faith!) are we to scan
The racked and shrieking hideousness of Truth
To find, in hate's polluted self-defence
Throbbing, the pulse, the divine heart of man.",https://www.gutenberg.org/ebooks/313,Public domain / CC0 dataset
S468,image_468,Edwin Arlington Robinson,Down by the flash of the restless water,Beauty & Nature,Romantic,"Prince, do you sleep to the sound alway
Of the mournful surge and the sea-birds' crying? --
Or does love still shudder and steel still slay,
Where the bones of the brave in the wave are lying?",https://www.gutenberg.org/ebooks/313,Public domain / CC0 dataset
S469,image_469,Edwin Arlington Robinson,"Go to the western gate, Luke Havergal, --",Love & Devotion,Romantic,"Out of a grave I come to tell you this, --
Out of a grave I come to quench the kiss
That flames upon your forehead with a glow
That blinds you to the way that you must go.
Yes, there is yet one way to where she is, --
Bitter, but one that faith can never miss.
Out of a grave I come to tell you this --
To tell you this.",https://www.gutenberg.org/ebooks/313,Public domain / CC0 dataset
S470,image_470,Edwin Arlington Robinson,Just as I wonder at the twofold screen,Love & Devotion,Romantic,"Of twisted innocence that you would plait
For eyes that uncourageously await
The coming of a kingdom that has been,
So do I wonder what God's love can mean
To you that all so strangely estimate
The purpose and the consequent estate
Of one short shuddering step to the Unseen.",https://www.gutenberg.org/ebooks/313,Public domain / CC0 dataset
S471,image_471,Edwin Arlington Robinson,Never until our souls are strong enough,Tender Reflection,Romantic,"Nor ever shall we know the cursed waste
Of life in the beneficence divine
Of starlight and of sunlight and soul-shine
That we have squandered in sin's frail distress,
Till we have drunk, and trembled at the taste,
The mead of Thought's prophetic endlessness.",https://www.gutenberg.org/ebooks/313,Public domain / CC0 dataset
S472,image_472,Edwin Arlington Robinson,"The master-songs are ended, and the man",Love & Devotion,Romantic,"That sang them is a name.  And so is God
A name; and so is love, and life, and death,
And everything.  But we, who are too blind
To read what we have written, or what faith
Has written for us, do not understand:
We only blink, and wonder.",https://www.gutenberg.org/ebooks/313,Public domain / CC0 dataset
S473,image_473,Edwin Arlington Robinson,"The master-songs are ended, and the man",Tender Reflection,Romantic,"The master-songs are ended?  Rather say
No songs are ended that are ever sung,
And that no names are dead names.  When we write
Men's letters on proud marble or on sand,
We write them there forever.",https://www.gutenberg.org/ebooks/313,Public domain / CC0 dataset
S474,image_474,Edwin Arlington Robinson,There be two men of all mankind,Tender Reflection,Romantic,"There be two men of all mankind
That I'm forever thinking on:
They chase me everywhere I go, --
Melchizedek, Ucalegon.",https://www.gutenberg.org/ebooks/313,Public domain / CC0 dataset
S475,image_475,Edwin Arlington Robinson,There is a fenceless garden overgrown,Love & Devotion,Romantic,"My life!  Ah, yes, there was my life, indeed!
And there were all the lives of humankind;
And they were like a book that I could read,
Whose every leaf, miraculously signed,
Outrolled itself from Thought's eternal seed,
Love-rooted in God's garden of the mind.",https://www.gutenberg.org/ebooks/313,Public domain / CC0 dataset
S476,image_476,Emily Dickinson,There came a day - at Summer's full -,Beauty & Nature,Romantic,"The sun - as common - went abroad -
The flowers - accustomed - blew,
As if no soul - that solstice passed -
Which maketh all things - new -",https://www.gutenberg.org/ebooks/2678,Public domain / CC0 dataset
S477,image_477,Emily Dickinson,There came a day - at Summer's full -,Love & Devotion,Romantic,"Sufficient troth - that we shall _rise_,
Deposed - at length the Grave -
To that new marriage -
_Justified_ - through Calvaries - of Love!",https://www.gutenberg.org/ebooks/2678,Public domain / CC0 dataset
S478,image_478,Gerard Manley Hopkins,,Love & Devotion,Romantic,"Enough: corruption was the world's first woe.
What need I strain my heart beyond my ken?
O but I bear my burning witness though
Against the wild and wanton work of men.
.     .     .     .     .     .     .",https://www.gutenberg.org/ebooks/22403,Public domain / CC0 dataset
S479,image_479,Gerard Manley Hopkins,10,Love & Devotion,Romantic,"Christ minds: Christ's interest, what to avow or amend
There, eyes them, heart wants, care haunts, foot
follows kind,
Their ransom, their rescue, and first, fast, last friend.",https://www.gutenberg.org/ebooks/22403,Public domain / CC0 dataset
S480,image_480,Gerard Manley Hopkins,12,Love & Devotion,Romantic,"I CAUGHT this morning morning's minion, king-
dom of daylight's dauphin, dapple-dawn-drawn Fal-
con, in his riding
Of the rolling level underneath him steady air, and
striding
High there, how he rung upon the rein of a wimpling wing
In his ecstacy! then off, off forth on swing,
As a skate's heel sweeps smooth on a bow-bend:
the hurl and gliding
Rebuffed the big wind. My heart in hiding
Stirred for a bird,--the achieve of, the mastery of the
thing!",https://www.gutenberg.org/ebooks/22403,Public domain / CC0 dataset
S481,image_481,Percy Bysshe Shelley,"16. GHASTA OR, THE AVENGING DEMON!!!",Tender Reflection,Romantic,"The warrior raised his sunken eye.                                   _45
It met the stranger’s sullen scowl,
‘Mortal! Mortal! thou must die,’
In burning letters chilled his soul.",https://www.gutenberg.org/ebooks/4800,Public domain / CC0 dataset
S482,image_482,Percy Bysshe Shelley,"16. GHASTA OR, THE AVENGING DEMON!!!",Tender Reflection,Romantic,"Her chilling finger on my head,
With coldest touch congealed my soul—
Cold as the finger of the dead,
Or damps which round a tombstone roll—                              _120",https://www.gutenberg.org/ebooks/4800,Public domain / CC0 dataset
S483,image_483,Percy Bysshe Shelley,"EVENING: PONTE AL MARE, PISA",Tender Reflection,Romantic,"3.
Within the surface of the fleeting river
The wrinkled image of the city lay,
Immovably unquiet, and forever                                       _15
It trembles, but it never fades away;
Go to the...
You, being changed, will find it then as now.",https://www.gutenberg.org/ebooks/4800,Public domain / CC0 dataset
S484,image_484,Percy Bysshe Shelley,MARENGHI. (This fragment refers to an event told in Sismondi’s,Tender Reflection,Romantic,"8.
And thou in painting didst transcribe all taught                     _35
By loftiest meditations; marble knew
The sculptor’s fearless soul—and as he wrought,
The grace of his own power and freedom grew.
And more than all, heroic, just, sublime,
Thou wart among the false...was this thy crime?                      _40",https://www.gutenberg.org/ebooks/4800,Public domain / CC0 dataset
S485,image_485,Percy Bysshe Shelley,TO MARY,Love & Devotion,Romantic,"6.
If you strip Peter, you will see a fellow
Scorched by Hell’s hyperequatorial climate
Into a kind of a sulphureous yellow:
A lean mark, hardly fit to fling a rhyme at;
In shape a Scaramouch, in hue Othello.                               _45
If you unveil my Witch, no priest nor primate
Can shrive you of that sin,—if sin there be
In love, when it becomes idolatry.",https://www.gutenberg.org/ebooks/4800,Public domain / CC0 dataset
S486,image_486,Percy Bysshe Shelley,"[Of the following pieces the “Original Poetry by Victor and Cazire”, the",Love & Separation,Romantic,"3.
Some a living require,
And others desire
An old fellow out of the way;                                        _15
And which is the best
I leave to be guessed,
For I cannot pretend to say.",https://www.gutenberg.org/ebooks/4800,Public domain / CC0 dataset
S487,image_487,Robert Frost,Revelation,Love & Separation,Romantic,"WE make ourselves a place apart
Behind light words that tease and flout,
But oh, the agitated heart
Till someone find us really out.
'Tis pity if the case require
(Or so we say) that in the end
We speak the literal to inspire
The understanding of a friend.
But so with all, from babes that play
At hide-and-seek to God afar,
So all who hide too well away
Must speak and tell us where they are.",https://www.gutenberg.org/ebooks/3021,Public domain / CC0 dataset
S488,image_488,W. B. Yeats,'Time to put off the world and go somewhere,Beauty & Nature,Romantic,"And find my health again in the sea air,'
Beggar to beggar cried, being frenzy-struck,
'And make my soul before my pate is bare.'",https://www.gutenberg.org/ebooks/36865,Public domain / CC0 dataset
S489,image_489,W. B. Yeats,"Argument. Baile and Aillinn were lovers, but",Love & Devotion,Romantic,"That old man climbed; the day grew dim;
Two swans came flying up to him
Linked by a gold chain each to each
And with low murmuring laughing speech
Alighted on the windy grass.
They knew him: his changed body was
Tall, proud and ruddy, and light wings
Were hovering over the harp strings
That Etain, Midhir's wife, had wove
In the hid place, being crazed by love.",https://www.gutenberg.org/ebooks/30652,Public domain / CC0 dataset
S490,image_490,W. B. Yeats,BRIDGET,Tender Reflection,Romantic,"Come to me, children. Do not be afraid.
I want to know if you believe in Heaven,
God or the soul--no, do not tell me yet;
You need not be afraid I shall be angry,
Say what you please--so that it is your thought--
I wanted you to know before you spoke,
That I shall not be angry.",https://www.gutenberg.org/ebooks/36865,Public domain / CC0 dataset
S491,image_491,W. B. Yeats,BRIDGET,Tender Reflection,Romantic,"O, look what has come from his mouth! O, look what has come from his
mouth--the white butterfly! He is dead, and I have taken his soul in my
hands; but I know why you open the lid of that golden box. I must give
it to you. There then, (_he puts butterfly in casket_) he has gone
through his pains, and you will open the lid in the Garden of Paradise.
(_He closes curtain and remains outside it._) He is gone, he is gone,
he is gone, but come in, everybody in the world, and look at me.",https://www.gutenberg.org/ebooks/36865,Public domain / CC0 dataset
S492,image_492,William Wordsworth,"Five years have passed; five summers, with the length",Love & Devotion,Romantic,"If this
Be but a vain belief, yet, oh! how oft,
In darkness, and amid the many shapes
Of joyless day-light; when the fretful stir
Unprofitable, and the fever of the world,
Have hung upon the beatings of my heart,
How oft, in spirit, have I turned to thee
O sylvan Wye! Thou wanderer through the woods,
How often has my spirit turned to thee!",https://www.gutenberg.org/ebooks/9622,Public domain / CC0 dataset
S493,image_493,William Wordsworth,"How rich the wave, in front, imprest",Love & Devotion,Romantic,"Glide gently, thus for ever glide,
O Thames! that other bards may see,
As lovely visions by thy side
As now, fair river! come to me.
Oh glide, fair stream! for ever so;
Thy quiet soul on all bestowing,
’Till all our minds for ever flow,
As thy deep waters now are flowing.",https://www.gutenberg.org/ebooks/9622,Public domain / CC0 dataset
S494,image_494,Alfred Tennyson,ODE,Longing & Separation,Romantic,"1.
Bury the Great Duke
With an empire's lamentation,
Let us bury the Great Duke
To the noise of the mourning of a mighty nation,
Mourning when their leaders fall,
Warriors carry the warrior's pall,
And sorrow darkens hamlet and hall.",https://www.gutenberg.org/ebooks/56913,Public domain / CC0 dataset
S495,image_495,Edna St. Vincent Millay,"""Curse thee, Life, I will live with thee no more!",Dream & Night,Romantic,"Thus I to Life, and ceased, and slightly smiled,
Looking at nothing; and my thin dreams filed
Before me one by one till once again
I set new words unto an old refrain:",https://www.gutenberg.org/ebooks/109,Public domain / CC0 dataset
S496,image_496,Edna St. Vincent Millay,"Death, I say, my heart is bowed",Dream & Night,Romantic,"I, to-night, that till he came
Could not, could not wait,
In a gown as bright as flame
Held for them the gate.)",https://www.gutenberg.org/ebooks/109,Public domain / CC0 dataset
S497,image_497,Edna St. Vincent Millay,Hard seeds of hate I planted,Love & Separation,Romantic,"The sun seeks out my garden,
No nook is left in shade,
No mist nor mold nor mildew
Endures on any blade,
Sweet rain slants under every bough:
Ye falter, and ye fade.",https://www.gutenberg.org/ebooks/109,Public domain / CC0 dataset
S498,image_498,Edna St. Vincent Millay,I cannot but remember,Tender Reflection,Romantic,"But the roaring of the fire,
And the warmth of fur,
And the boiling of the kettle
Were beautiful to her!",https://www.gutenberg.org/ebooks/109,Public domain / CC0 dataset
S499,image_499,Edna St. Vincent Millay,I'll keep a little tavern,Dream & Night,Romantic,"There sound will sleep the traveller,
And dream his journey's end,
But I will rouse at midnight
The falling fire to tend.",https://www.gutenberg.org/ebooks/109,Public domain / CC0 dataset
S500,image_500,Edna St. Vincent Millay,III,Dream & Night,Romantic,"Mindful of you the sodden earth in spring,
And all the flowers that in the springtime grow,
And dusty roads, and thistles, and the slow
Rising of the round moon, all throats that sing
The summer through, and each departing wing,
And all the nests that the bared branches show,
And all winds that in any weather blow,
And all the storms that the four seasons bring.",https://www.gutenberg.org/ebooks/109,Public domain / CC0 dataset
